列車番号,,459B,441B,489B,425B,411B,485S,485Y,509C,537Y,535B,641Y,523B,645Y,503C,591S,591Y,549B,593S,593Y,553B,665S,665Y,527B,683B,519S,519Y,795B,515B,669B,631S,631A,613B,645B,629S,629Y,601C,667B,615S,615A,687B,699B,675S,675Y,607B,629B,681B,673B,733B,647B,639S,639A,717B,659B,607C,793B,777Y,609B,697B,743S,743Y,743B,711C,741B,719B,711B,771B,779Y,701B,709C,761B,725A,725S,725A,755B,749B,785A,785S,785A,705C,789B,733S,733Y,865B,751B,711Y,711K,711Y,725B,827B,723A,723S,723A,739B,871Y,731B,803C,809A,809K,809A,785B,863A,863S,837B,805B,789S,789Y,853B,821B,845Y,845S,845Y,849S,849A,877B,891A,891S,875B,815B,835S,835Y,835B,807B,869Y,869S,823B,883B,813S,813A,947B,863B,967B,913B,927S,927Y,879B,905K,905Y,901C,969B,987S,987Y,999B,995B,903B,959S,959Y,945B,959B,987B,1081S,1081Y,929B,973B,1039B,1079S,1079Y,1071B,1007C,1065S,1065Y,1051B,1089B,1021B,1091S,1091Y,1019B,1015B,1009C,1189S,1189Y,1005B,1183B,1127B,1135S,1135Y,1167B,1131B,1113S,1113Y,1135B,1185B,1153B,1127S,1127Y,1177B,1103B,1113B,1287S,1287Y,1201C,1169B,1229B,1259S,1259Y,1263B,1239B,1281S,1281Y,1245B,1207C,1287B,1279S,1279Y,1273B,1295B,1319B,1365S,1365Y,1259B,1309C,1391S,1391Y,1351B,1389B,1321B,1389S,1389Y,1315B,1371B,1335B,1335S,1335Y,1305B,1353B,1327B,1413S,1413Y,1467B,1331B,1427S,1427Y,1401C,1483B,1429B,1487S,1487Y,1477B,1439B,1413B,1459S,1459Y,1469B,1485B,1581S,1581Y,1573B,1403B,1515S,1515Y,1519B,1545B,1507C,1551S,1551A,1587B,1619Y,1595B,1529S,1529Y,1563B,1565S,1565Y,1581B,1603Y,1559B,1623Y,1509C,1567S,1567Y,1551B,1571S,1571A,1605B,1675S,1675Y,1521B,1671B,1695S,1695A,1699B,1615B,1637Y,1601C,1691S,1691Y,1635B,1743Y,1629B,1689B,1667B,1689S,1689Y,1627B,1757S,1757Y,1769B,1635S,1635Y,1631B,1787S,1787Y,1717B,1753B,1759S,1759Y,1739B,1713S,1713Y,1777B,1721S,1721A,1707B,1713B,1869Y,1703B,1785B,1717S,1717A,1783B,1739S,1739Y,1711B,1749Y,1749S,1875B,1809A,1809K,1809A,1737B,1773B,1825B,1719B,1815S,1815A,1829Y,1829S,1809B,1807C,1823S,1823Y,1803Y,1803K,1821B,1825A,1825S,1895B,1851B,1867S,1867Y,1803C,1845B,1861S,1861Y,1887B,1871B,1859B,1915B,1827Y,1827S,1847B,1955B,1945Y,1945S,1945Y,1863B,1907A,1907K,1907A,1879B,1989B,1943B,1905A,1905K,1905A,1911C,1905B,1935B,1991S,1991Y,1923B,1905C,1987Y,1987S,1901C,1963S,1963A,1917B,1993B,2057S,2057A,1929B,1953B,2007B,2077B,2003K,2003Y,2013B,2003B,2009K,2009Y,2031B,2085B,2075B,2051B,2111K,2111Y,2073B,2083B,2007C,2137B,2125B,2109B,2187B,2195B,2115B,2223B,2145B,2159B,2201C,2247B,2263B,2279B,2289B,2231B,2211C,2235B,2253B,2377B,2393B,2307B,2375B,2303B,2373B,2451B,2483B,2407C
列車名_列車名,,普通_普通,普通_普通,普通_普通,普通_普通,普通_普通,普通_普通,普通_普通,普通_普通,普通_普通,普通_普通,普通_普通,普通_普通,普通_普通,普通_普通,普通_普通,普通_普通,普通_普通,普通_普通,普通_普通,普通_普通,普通_普通,普通_普通,普通_普通,普通_普通,普通_普通,普通_普通,普通_普通,普通_普通,普通_普通,通勤快速_通勤快速,普通_普通,普通_普通,普通_普通,普通_普通,普通_普通,普通_普通,普通_普通,通勤快速_通勤快速,普通_普通,普通_普通,普通_普通,普通_普通,普通_普通,普通_普通,普通_普通,普通_普通,普通_普通,普通_普通,普通_普通,通勤快速_通勤快速,普通_普通,普通_普通,普通_普通,普通_普通,普通_普通,普通_普通,普通_普通,普通_普通,普通_普通,普通_普通,普通_普通,普通_普通,普通_普通,普通_普通,普通_普通,普通_普通,普通_普通,普通_普通,普通_普通,普通_普通,普通_普通,通勤快速_通勤快速,普通_普通,普通_普通,普通_普通,普通_普通,通勤快速_通勤快速,普通_普通,普通_普通,普通_普通,普通_普通,普通_普通,普通_普通,普通_普通,普通_普通,普通_普通,普通_普通,普通_普通,普通_普通,普通_普通,通勤快速_通勤快速,普通_普通,普通_普通,普通_普通,普通_普通,普通_普通,普通_普通,通勤快速_通勤快速,普通_普通,普通_普通,普通_普通,通勤快速_通勤快速,普通_普通,普通_普通,普通_普通,普通_普通,普通_普通,普通_普通,普通_普通,普通_普通,普通_普通,通勤快速_通勤快速,普通_普通,普通_普通,普通_普通,通勤快速_通勤快速,普通_普通,普通_普通,普通_普通,普通_普通,普通_普通,普通_普通,普通_普通,普通_普通,普通_普通,普通_普通,快速_快速,普通_普通,普通_普通,普通_普通,普通_普通,普通_普通,普通_普通,普通_普通,普通_普通,普通_普通,普通_普通,普通_普通,普通_普通,普通_普通,普通_普通,普通_普通,普通_普通,普通_普通,普通_普通,普通_普通,普通_普通,普通_普通,普通_普通,普通_普通,普通_普通,普通_普通,普通_普通,普通_普通,普通_普通,普通_普通,普通_普通,普通_普通,普通_普通,普通_普通,普通_普通,普通_普通,普通_普通,普通_普通,普通_普通,普通_普通,普通_普通,普通_普通,普通_普通,普通_普通,普通_普通,普通_普通,普通_普通,普通_普通,普通_普通,普通_普通,普通_普通,普通_普通,普通_普通,普通_普通,普通_普通,普通_普通,普通_普通,普通_普通,普通_普通,普通_普通,普通_普通,普通_普通,普通_普通,普通_普通,普通_普通,普通_普通,普通_普通,普通_普通,普通_普通,普通_普通,普通_普通,普通_普通,普通_普通,普通_普通,普通_普通,普通_普通,普通_普通,普通_普通,普通_普通,普通_普通,普通_普通,普通_普通,普通_普通,普通_普通,普通_普通,普通_普通,普通_普通,普通_普通,普通_普通,普通_普通,普通_普通,普通_普通,普通_普通,普通_普通,普通_普通,普通_普通,普通_普通,普通_普通,普通_普通,普通_普通,普通_普通,普通_普通,普通_普通,普通_普通,普通_普通,普通_普通,普通_普通,普通_普通,普通_普通,普通_普通,普通_普通,普通_普通,普通_普通,普通_普通,普通_普通,普通_普通,普通_普通,普通_普通,普通_普通,普通_普通,普通_普通,普通_普通,普通_普通,普通_普通,普通_普通,普通_普通,快速_快速,普通_普通,普通_普通,普通_普通,普通_普通,普通_普通,普通_普通,普通_普通,普通_普通,普通_普通,普通_普通,普通_普通,普通_普通,普通_普通,普通_普通,普通_普通,普通_普通,普通_普通,快速_快速,普通_普通,普通_普通,普通_普通,普通_普通,普通_普通,普通_普通,快速_快速,普通_普通,普通_普通,普通_普通,普通_普通,普通_普通,普通_普通,普通_普通,普通_普通,普通_普通,普通_普通,普通_普通,普通_普通,普通_普通,普通_普通,普通_普通,普通_普通,普通_普通,普通_普通,普通_普通,普通_普通,普通_普通,普通_普通,普通_普通,普通_普通,普通_普通,普通_普通,普通_普通,普通_普通,普通_普通,普通_普通,普通_普通,快速_快速,普通_普通,普通_普通,普通_普通,普通_普通,普通_普通,普通_普通,快速_快速,普通_普通,普通_普通,普通_普通,普通_普通,普通_普通,普通_普通,普通_普通,普通_普通,普通_普通,快速_快速,普通_普通,普通_普通,普通_普通,普通_普通,普通_普通,快速_快速,普通_普通,普通_普通,普通_普通,普通_普通,普通_普通,普通_普通,普通_普通,普通_普通,普通_普通,普通_普通,普通_普通,快速_快速,普通_普通,普通_普通,普通_普通,普通_普通,普通_普通,普通_普通,普通_普通,普通_普通,普通_普通,普通_普通,普通_普通,普通_普通,普通_普通,普通_普通,普通_普通,普通_普通,普通_普通,普通_普通,普通_普通,普通_普通,普通_普通,快速_快速,普通_普通,普通_普通,普通_普通,普通_普通,普通_普通,快速_快速,普通_普通,普通_普通,普通_普通,普通_普通,普通_普通,普通_普通,普通_普通,普通_普通,普通_普通,普通_普通,普通_普通,快速_快速,普通_普通,普通_普通,普通_普通,快速_快速,普通_普通,普通_普通,普通_普通,普通_普通,普通_普通,普通_普通,普通_普通,普通_普通,普通_普通,普通_普通,普通_普通,普通_普通,普通_普通,普通_普通,普通_普通,普通_普通,普通_普通,普通_普通,普通_普通,普通_普通,普通_普通,普通_普通,普通_普通,普通_普通,普通_普通,普通_普通,普通_普通,普通_普通,普通_普通,普通_普通,普通_普通,普通_普通,普通_普通,普通_普通,普通_普通,普通_普通,普通_普通,普通_普通,普通_普通,普通_普通,普通_普通,普通_普通,普通_普通,普通_普通,普通_普通,普通_普通,普通_普通
運転日,,全日,平日,平日,平日,平日,平日,平日,平日,平日,平日,平日,平日,平日,平日,平日,平日,平日,平日,平日,平日,平日,平日,平日,平日,平日,平日,平日,平日,平日,平日,平日,平日,平日,平日,平日,平日,平日,平日,平日,平日,平日,平日,平日,平日,平日,平日,平日,平日,平日,平日,平日,平日,平日,平日,平日,平日,平日,平日,平日,平日,平日,平日,平日,平日,平日,平日,平日,平日,平日,平日,平日,平日,平日,平日,平日,平日,平日,平日,平日,平日,平日,平日,平日,平日,平日,平日,平日,平日,平日,平日,平日,平日,平日,平日,平日,平日,平日,平日,平日,平日,平日,平日,平日,平日,平日,平日,平日,平日,平日,平日,平日,平日,平日,平日,平日,平日,平日,平日,平日,平日,平日,平日,平日,平日,平日,平日,平日,平日,平日,平日,平日,平日,平日,平日,平日,平日,平日,平日,平日,平日,平日,平日,平日,平日,平日,平日,平日,平日,平日,平日,平日,平日,平日,平日,平日,平日,平日,平日,平日,平日,平日,平日,平日,平日,平日,平日,平日,平日,平日,平日,平日,平日,平日,平日,平日,平日,平日,平日,平日,平日,平日,平日,平日,平日,平日,平日,平日,平日,平日,平日,平日,平日,平日,平日,平日,平日,平日,平日,平日,平日,平日,平日,平日,平日,平日,平日,平日,平日,平日,平日,平日,平日,平日,平日,平日,平日,平日,平日,平日,平日,平日,平日,平日,平日,平日,平日,平日,平日,平日,平日,平日,平日,平日,平日,平日,平日,平日,平日,平日,平日,平日,平日,平日,平日,平日,平日,平日,平日,平日,平日,平日,平日,平日,平日,平日,平日,平日,平日,平日,平日,平日,平日,平日,平日,平日,平日,平日,平日,平日,平日,平日,平日,平日,平日,平日,平日,平日,平日,平日,平日,平日,平日,平日,平日,平日,平日,平日,平日,平日,平日,平日,平日,平日,平日,平日,平日,平日,平日,平日,平日,平日,平日,平日,平日,平日,平日,平日,平日,平日,平日,平日,平日,平日,平日,平日,平日,平日,平日,平日,平日,平日,平日,平日,平日,平日,平日,平日,平日,平日,平日,平日,平日,平日,平日,平日,平日,平日,平日,平日,平日,平日,平日,平日,平日,平日,平日,平日,平日,平日,平日,平日,平日,平日,平日,平日,平日,平日,平日,平日,平日,平日,平日,平日,平日,平日,平日,平日,平日,平日,平日,平日,平日,平日,平日,平日,平日,平日,平日,平日,平日,平日,平日,平日,平日,平日,平日,平日,平日,平日,平日,平日,平日,平日,平日,平日,平日,平日,平日,平日,平日,平日,平日,平日,平日,平日,平日,平日,平日,平日,平日,平日,平日,平日,平日,平日,平日,平日,平日,平日,平日,平日,平日,平日,平日,平日,平日,平日,平日,平日,平日,平日,平日,平日,平日,平日,全日
前の区間,,,,,,,,,,↑,,↑,,↑,,,,,,,,,,,,,,,,,,,,,,,,,,,,,,,,,,,,,,,,,,,↑,,,,,,,,,,,↑,,,,,,,,,,,,,,,,,,,,,,,,,,,↑,,,,,,,,,,,,,,,,,,,,,,,,,,,,,,,,,,,,,,,,,,,,,,,,,,,,,,,,,,,,,,,,,,,,,,,,,,,,,,,,,,,,,,,,,,,,,,,,,,,,,,,,,,,,,,,,,,,,,,,,,,,,,,,,,,,,,,,,,,,,,,,,,,,,,,,,,,,,,,,,,,↑,,,,,,,,↑,,↑,,,,,,,,,,,,,,,,↑,,,,,↑,,,,,,,,,,,,,,,,,,,,,,,,,,,↑,,,,,,,,,,,,,,,,,,,,,,,,,,,,,,,,,,,,,,,,,,,,,,,,,,,,,,,,,,,,,,,,,,,,,,,,,,,,,,,,,,,,,,,,,,,,,,,,,,,,,,,,,,,,,,,,,,,,,,,,,,
始発,,___,___,___,___,___,八千代緑が丘_0459_八千代緑が丘_0459,___,___,東陽町_0553_東陽町_0553,___,東陽町_0603_東陽町_0603,___,東陽町_0611_東陽町_0611,___,東葉勝田台_0533_東葉勝田台_0533,___,___,東葉勝田台_0542_東葉勝田台_0542,___,___,___,___,___,___,東葉勝田台_0558_東葉勝田台_0558,___,___,___,___,東葉勝田台_0610_東葉勝田台_0610,___,___,___,___,___,___,___,東葉勝田台_0630_東葉勝田台_0630,___,___,___,___,___,___,___,___,___,___,___,東葉勝田台_0649_東葉勝田台_0649,___,___,___,___,___,妙典_0725_妙典_0725,___,___,東葉勝田台_0700_東葉勝田台_0700,___,___,___,___,___,___,___,妙典_0744_妙典_0744,___,___,___,___,___,___,___,___,___,___,___,___,___,東葉勝田台_0731_東葉勝田台_0731,___,___,___,___,___,___,___,___,___,___,___,___,妙典_0817_妙典_0817,___,___,___,___,___,___,___,___,___,___,東葉勝田台_0758_東葉勝田台_0758,___,___,___,___,___,___,東葉勝田台_0817_東葉勝田台_0817,___,___,___,___,___,___,東葉勝田台_0822_東葉勝田台_0822,___,___,___,___,___,___,___,東葉勝田台_0856_東葉勝田台_0856,___,___,___,___,___,東葉勝田台_0900_東葉勝田台_0900,___,___,___,___,___,___,___,___,___,___,___,___,___,___,___,___,___,___,___,___,___,___,___,___,___,___,___,___,___,___,___,___,___,___,___,___,___,___,___,___,___,___,___,___,___,___,___,___,___,___,___,___,___,___,___,___,___,___,___,___,___,___,___,___,___,___,___,___,___,___,___,___,___,___,___,___,___,___,___,___,___,___,___,___,___,___,___,___,___,___,___,___,___,___,___,___,___,___,___,___,___,___,___,___,___,___,___,___,___,___,___,___,___,___,___,___,___,___,___,東葉勝田台_1516_東葉勝田台_1516,___,___,東陽町_1602_東陽町_1602,___,___,___,___,___,___,___,妙典_1603_妙典_1603,___,東陽町_1625_東陽町_1625,___,東葉勝田台_1539_東葉勝田台_1539,___,___,東葉勝田台_1558_東葉勝田台_1558,___,___,___,___,___,___,東葉勝田台_1613_東葉勝田台_1613,___,___,___,東陽町_1659_東陽町_1659,___,東葉勝田台_1621_東葉勝田台_1621,___,___,東陽町_1712_東陽町_1712,___,___,___,東葉勝田台_1638_東葉勝田台_1638,___,___,___,___,___,東葉勝田台_1651_東葉勝田台_1651,___,___,___,___,___,___,___,___,___,東葉勝田台_1706_東葉勝田台_1706,___,___,東葉勝田台_1724_東葉勝田台_1724,___,___,___,東陽町_1806_東陽町_1806,___,___,東葉勝田台_1736_東葉勝田台_1736,___,___,___,___,___,___,___,___,___,___,___,___,___,___,___,東葉勝田台_1803_東葉勝田台_1803,___,___,___,___,___,___,___,___,___,___,___,___,___,___,___,___,___,___,東葉勝田台_1825_東葉勝田台_1825,___,___,___,___,___,___,___,___,___,___,___,___,___,___,___,___,___,___,___,___,___,___,___,___,___,東葉勝田台_1926_東葉勝田台_1926,___,___,___,___,___,___,東葉勝田台_1948_東葉勝田台_1948,___,___,___,東葉勝田台_2000_東葉勝田台_2000,___,___,___,___,___,___,___,___,___,___,___,___,___,___,___,___,___,___,___,___,___,___,___,___,___,___,___,___,___,___,___,___,___,___,___,___,___,___,___,___,___,___,___,___,___,___,___
千葉_千葉,発,,,,0431,0446,・,,,・,0506,・,,・,0528,・,,0535,・,,,,,0542,,・,,,0557,,・,,,0610,,,,0617,・,,,0625,,,,0632,0635,,,0643,・,,,0647,0651,,・,0655,0659,・,,,0703,0707,,,0713,・,0718,,0722,,,,0725,,,,,0729,0732,・,,,0737,,,,0740,,,,,0745,・,0748,,,,,0754,,,,0801,・,,,0807,,,,・,,,,,0816,,・,,0826,,,,0833,0839,・,,,0847,,,・,,0858,,,,0907,,,,0918,0927,,,0932,0938,0943,,,0951,0956,,,,1006,1012,,,,1023,,,,1035,,1046,,,1051,,1102,,,,1110,,,,1123,1130,,,1135,,1146,,,,1156,,,,1208,,,,1219,,1230,,,,1241,,,,1252,,,,1303,,1314,,,,1325,,,,1336,,1347,,,,1358,,,,1409,,,,1420,,1431,,,,1442,,,,1452,,,,1502,,・,,1513,・,,,,1524,,,,・,1536,・,,・,,1547,・,,,,,1557,,・,,,1612,・,,・,,1622,・,,1632,,・,,1642,,,,・,,1652,,,,1701,,,,・,,1710,・,,,1718,・,,,・,,1725,,,1732,,,,,,,,1742,,1752,・,,,,,1802,,,,,,,,1809,,,,1818,1823,・,,1827,,1834,,,,1843,,,,,1852,,,,1858,,1905,,,,,1914,1921,・,,1925,1930,,,1937,・,,,1944,・,,1950,1955,,2004,,,2010,,,,2019,2025,2032,,,,2043,2050,2057,2104,2111,2118,2125,2132,2138,,2152,2158,,2209,2218,2224,2233,,2241,2248,2255,,2309,2317,2325,2334,2342,0000,0014,0031
西千葉_西千葉,発,,,,0433,0448,・,,,・,0508,・,,・,0530,・,,0537,・,,,,,0545,,・,,,0559,,・,,,0612,,,,0619,・,,,0628,,,,0635,0638,,,0645,・,,,0649,0653,,・,0657,0701,・,,,0706,0710,,,0715,・,0720,,0724,,,,0727,,,,,0732,0735,・,,,0740,,,,0743,,,,,0747,・,0751,,,,,0757,,,,0804,・,,,0809,,,,・,,,,,0818,,・,,0828,,,,0835,0841,・,,,0849,,,・,,0900,,,,0909,,,,0920,0929,,,0934,0940,0946,,,0953,0958,,,,1008,1015,,,,1025,,,,1037,,1048,,,1053,,1104,,,,1112,,,,1125,1132,,,1137,,1148,,,,1158,,,,1210,,,,1221,,1232,,,,1243,,,,1254,,,,1305,,1316,,,,1327,,,,1338,,1349,,,,1400,,,,1411,,,,1422,,1433,,,,1444,,,,1454,,,,1504,,・,,1515,・,,,,1526,,,,・,1538,・,,・,,1549,・,,,,,1600,,・,,,1614,・,,・,,1624,・,,1634,,・,,1644,,,,・,,1655,,,,1703,,,,・,,1712,・,,,1720,・,,,・,,1727,,,1734,,,,,,,,1744,,1754,・,,,,,1804,,,,,,,,1811,,,,1820,1825,・,,1829,,1836,,,,1845,,,,,1854,,,,1900,,1907,,,,,1916,1923,・,,1927,1932,,,1939,・,,,1946,・,,1952,1957,,2006,,,2012,,,,2021,2027,2034,,,,2045,2052,2059,2106,2113,2120,2127,2134,2140,,2154,2200,,2211,2220,2226,2235,,2243,2250,2257,,2311,2319,2327,2336,2345,0002,0017,0033
稲毛_稲毛,発,,,,0435,0450,・,,,・,0511,・,,・,0532,・,,0540,・,,,,,0547,,・,,,0602,,・,,,0615,,,,0622,・,,,0630,,,,0637,0640,,,0647,・,,,0652,0656,,・,0700,0704,・,,,0708,0712,,,0718,・,0722,,0726,,,,0730,,,,,0734,0737,・,,,0742,,,,0745,,,,,0749,・,0753,,,,,0759,,,,0806,・,,,0812,,,,・,,,,,0821,,・,,0830,,,,0838,0844,・,,,0852,,,・,,0902,,,,0912,,,,0922,0931,,,0937,0943,0948,,,0955,1001,,,,1011,1017,,,,1027,,,,1039,,1050,,,1056,,1107,,,,1114,,,,1127,1134,,,1140,,1151,,,,1200,,,,1212,,,,1224,,1235,,,,1246,,,,1257,,,,1308,,1319,,,,1330,,,,1341,,1352,,,,1403,,,,1414,,,,1425,,1435,,,,1446,,,,1457,,,,1507,,・,,1517,・,,,,1529,,,,・,1540,・,,・,,1551,・,,,,,1602,,・,,,1616,・,,・,,1627,・,,1637,,・,,1647,,,,・,,1657,,,,1706,,,,・,,1714,・,,,1722,・,,,・,,1730,,,1737,,,,,,,,1747,,1756,・,,,,,1807,,,,,,,,1814,,,,1822,1827,・,,1832,,1838,,,,1848,,,,,1856,,,,1902,,1910,,,,,1919,1926,・,,1930,1935,,,1941,・,,,1948,・,,1954,1959,,2008,,,2014,,,,2024,2030,2036,,,,2048,2054,2101,2109,2116,2123,2130,2136,2143,,2156,2203,,2213,2222,2229,2237,,2245,2252,2259,,2313,2321,2329,2338,2347,0004,0019,0035
新検見川_新検見川,発,,,,0438,0453,・,,,・,0514,・,,・,0535,・,,0543,・,,,,,0550,,・,,,0605,,・,,,0618,,,,0625,・,,,0633,,,,0640,0643,,,0650,・,,,0655,0659,,・,0703,0707,・,,,0711,0715,,,0721,・,0725,,0729,,,,0733,,,,,0737,0740,・,,,0745,,,,0748,,,,,0752,・,0756,,,,,0802,,,,0809,・,,,0815,,,,・,,,,,0824,,・,,0833,,,,0841,0847,・,,,0855,,,・,,0905,,,,0915,,,,0925,0934,,,0940,0946,0951,,,0958,1004,,,,1014,1020,,,,1030,,,,1042,,1053,,,1059,,1110,,,,1117,,,,1130,1137,,,1143,,1154,,,,1203,,,,1215,,,,1227,,1238,,,,1249,,,,1300,,,,1311,,1322,,,,1333,,,,1344,,1355,,,,1406,,,,1417,,,,1428,,1438,,,,1449,,,,1500,,,,1510,,・,,1520,・,,,,1532,,,,・,1543,・,,・,,1554,・,,,,,1605,,・,,,1619,・,,・,,1630,・,,1640,,・,,1650,,,,・,,1700,,,,1709,,,,・,,1717,・,,,1725,・,,,・,,1733,,,1740,,,,,,,,1750,,1759,・,,,,,1810,,,,,,,,1817,,,,1825,1830,・,,1835,,1841,,,,1850,,,,,1859,,,,1905,,1912,,,,,1922,1929,・,,1933,1938,,,1944,・,,,1951,・,,1957,2002,,2011,,,2017,,,,2027,2033,2039,,,,2051,2057,2104,2112,2119,2126,2133,2139,2146,,2159,2206,,2216,2225,2232,2240,,2248,2255,2302,,2316,2324,2332,2341,2350,0007,0022,0038
幕張_幕張,発,,,,0440,0456,・,,,・,0516,・,,・,0537,・,,0545,・,,,,,0552,,・,,,0607,,・,,,0620,,,,0627,・,,0631,0635,,,,0642,0645,,,0653,・,,,0658,0701,,・,0706,0709,・,,,0714,0718,,,0724,・,0728,,0732,,,,0735,,,,,0740,0743,・,,,0747,,,,0750,,,,,0755,・,0758,,,,,0804,,,,0811,・,,,0817,,,,・,,,,,0826,,・,,0836,,,,0843,0849,・,,,0857,,,・,,0908,,,,0917,,,,0928,0936,,,0942,0948,0953,,,1001,1006,,,,1016,1022,,,,1032,,,,1044,,1055,,,1101,,1112,,,,1121,,,,1132,1139,,,1145,,1156,,,,1207,,,,1217,,,,1229,,1240,,,,1251,,,,1302,,,,1313,,1324,,,,1335,,,,1346,,1357,,,,1408,,,,1420,,,,1430,,1440,,,,1451,,,,1502,,,,1512,,・,,1522,・,,,,1534,,,,・,1545,・,,・,,1556,・,,,,,1607,,・,,,1621,・,,・,,1632,・,,1642,,・,,1652,,,,・,,1702,,,,1711,,,,・,,1719,・,,,1727,・,,,・,,1735,,,1742,,,,,,,,1752,,1801,・,,,,,1812,,,,,,,,1819,,,,1828,1832,・,,1837,,1844,,,,1854,,,,,1902,,,,1907,,1915,,,,,1925,1931,・,,1935,1940,,,1946,・,,,1953,・,,1959,2004,,2013,,,2019,,,,2029,2035,2041,,,,2054,2059,2106,2114,2121,2128,2135,2141,2148,,2201,2208,,2218,2227,2234,2242,,2250,2257,2304,,2318,2326,2334,2344,2352,0010,0024,0040
幕張本郷_幕張本郷,発,,,,0443,0458,・,,,・,0518,・,,・,0540,・,,0547,・,,,,,0555,,・,,,0610,,・,,,0623,,,,0630,・,,0634,0638,,,,0645,0648,,,0655,・,,,0700,0704,,・,0708,0712,・,,,0716,0720,,,0726,・,0730,,0735,,,,0738,,,,,0742,0745,・,,,0750,,,,0753,,,,,0758,・,0801,,,,,0807,,,,0814,・,,,0820,,,,・,,,,,0829,,・,,0838,,,,0846,0851,・,,,0900,,,・,,0910,,,,0920,,,,0930,0939,,,0944,0950,0956,,,1003,1008,,,,1018,1025,,,,1035,,,,1047,,1058,,,1103,,1114,,,,1123,,,,1135,1142,,,1147,,1158,,,,1210,,,,1220,,,,1231,,1242,,,,1253,,,,1304,,,,1315,,1326,,,,1337,,,,1348,,1359,,,,1410,,,,1422,,,,1432,,1443,,,,1454,,,,1504,,,,1514,,・,,1525,・,,,,1536,,,,・,1548,・,,・,,1559,・,,,,,1610,,・,,,1624,・,,・,,1634,・,,1644,,・,,1654,,,,・,,1705,,,,1713,,,,・,,1722,・,,,1730,・,,,・,,1738,,,1744,,,,,,,,1755,,1804,・,,,,,1815,,,,,,,,1821,,,,1830,1835,・,,1839,,1847,,,,1856,,,,,1904,,,,1910,,1918,,,,,1927,1933,・,,1938,1942,,,1949,・,,,1956,・,,2002,2007,,2016,,,2022,,,,2031,2037,2044,,,,2056,2102,2109,2116,2123,2130,2138,2144,2150,,2204,2210,,2221,2230,2236,2245,,2253,2300,2307,,2321,2329,2337,2346,2355,0012,0027,0043
津田沼_津田沼,発,,,0427,0447,0502,・,,0513,・,0523,・,0534,・,0543,・,,0551,・,,0555,,,0559,0607,・,,,0614,0618,・,,0623,0627,,,0631,0634,・,,0638,0642,,,0644,0649,0652,0654,,0659,・,,0702,0705,0708,0711,・,0713,0716,・,,0718,0721,0724,0727,,0731,・,0734,,0739,0737,,,0742,,0744,,,0747,0749,・,,,0754,0752,,,0757,,0759,,,0802,・,0805,,0807,,,0811,0814,,,0819,・,,,0824,0826,,,・,,,0835,,0833,,・,,0843,,0846,,0850,0856,・,,,0904,,0910,・,,0915,,,0919,0924,,,0929,0934,0943,,,0948,0955,1000,,,1007,1012,1017,,,1023,1028,,,1035,1040,1045,,,1051,1056,1102,,,1107,1112,1118,,,1123,1129,,,1134,1140,1146,,,1151,1156,1202,,,1207,1213,1218,,,1224,1229,,,1235,1240,1246,,,1251,1257,1302,,,1308,1313,,,1319,1324,1330,,,1335,1341,1346,,,1352,1357,1403,,,1408,1414,,,1419,1426,1430,,,1436,1441,1447,,,1452,1458,,,1502,1508,,,1513,1518,1523,・,,1529,・,1534,,,1540,,,1546,・,1551,・,1557,・,,1602,・,,1608,,,1613,1619,・,,1623,1628,・,1633,・,,1638,・,1643,1648,1653,・,,1658,,,1703,・,,1708,,,1712,1717,,,1721,・,,1726,・,,1729,1734,・,,1739,・,,1743,,,1748,1752,,,1803,,,1756,1800,,1808,・,,1812,,1816,1819,,,1822,,,1832,,1825,,,,1835,1839,・,,1843,,1851,,1853,,1900,,1902,,,1909,1920,,,1914,,1923,1935,,,1928,1932,1939,・,,1943,1946,1949,,1953,・,,1957,2002,・,,2006,2011,2015,2021,,,2026,2030,,,2037,2042,2048,2053,,,2100,2106,2113,2120,2127,2134,2142,2148,2154,2200,2208,2214,2220,2226,2234,2242,2249,2254,2257,2304,2311,2319,2327,2334,2340,2350,2358,0015,0030,0046
東船橋_東船橋,発,,,0429,0450,0505,・,,0515,・,0526,・,0537,・,0546,・,,0553,・,,0557,,,0602,0610,・,,,0616,0621,・,,0625,0629,,,0633,0636,・,,0641,0645,,,0647,0652,0655,0657,,0702,・,,0705,0707,0711,0713,・,0716,0719,・,,0721,0724,0727,0730,,0734,・,0737,,0742,0740,,,0745,,0747,,,0749,0752,・,,,0757,0755,,,0800,,0802,,,0805,・,0808,,0810,,,0814,0817,,,0822,・,,,0826,0829,,,・,,,0838,,0836,,・,,0845,,0849,,0853,0858,・,,,0907,,0913,・,,0918,,,0922,0927,,,0932,0937,0945,,,0951,0957,1002,,,1009,1015,1020,,,1025,1031,,,1037,1042,1048,,,1053,1059,1104,,,1110,1115,1121,,,1126,1132,,,1137,1143,1148,,,1154,1159,1205,,,1210,1216,1221,,,1226,1232,,,1238,1243,1249,,,1254,1300,1305,,,1311,1316,,,1322,1327,1333,,,1338,1344,1349,,,1355,1400,1406,,,1411,1417,,,1422,1428,1433,,,1439,1444,1449,,,1455,1500,,,1505,1511,,,1516,1521,1526,・,,1531,・,1537,,,1542,,,1548,・,1554,・,1559,・,,1605,・,,1610,,,1616,1621,・,,1626,1631,・,1636,・,,1641,・,1646,1651,1656,・,,1701,,,1706,・,,1711,,,1715,1720,,,1723,・,,1728,・,,1732,1736,・,,1742,・,,1746,,,1751,1755,,,1806,,,1758,1802,,1810,・,,1815,,1818,1821,,,1825,,,1835,,1828,,,,1837,1841,・,,1846,,1854,,1856,,1902,,1904,,,1912,1923,,,1916,,1925,1938,,,1931,1935,1941,・,,1945,1948,1952,,1955,・,,1959,2004,・,,2008,2013,2018,2023,,,2028,2033,,,2039,2045,2050,2056,,,2102,2109,2116,2123,2130,2137,2144,2150,2157,2203,2210,2217,2223,2229,2237,2244,2252,2256,2300,2307,2314,2322,2329,2336,2343,2352,0001,＝,＝,＝
船橋_船橋,発,,,0432,0452,0507,・,,0517,・,0528,・,0539,・,0548,・,,0556,・,,0600,,,0604,0612,・,,,0619,0624,・,,0628,0632,,,0636,0639,・,,0643,0647,,,0650,0654,0657,0700,,0705,・,,0708,0710,0713,0716,・,0718,0721,・,,0724,0726,0730,0732,,0736,・,0740,,0745,0742,┐,,0747,,0750,┐,,0752,0755,・,,,0800,0757,┐,,0802,,0805,┐,,0807,・,0810,,0813,┐,,0817,0819,┐,,0824,・,,,0829,0831,┐,,・,,,0841,┐,0838,,・,,0848,,0852,┐,0856,0901,・,,,0909,,0916,・,,0921,,,0925,0929,,,0935,0940,0947,,,0953,0959,1004,,,1011,1017,1022,,,1027,1033,,,1040,1044,1050,,,1055,1101,1106,,,1112,1117,1123,,,1128,1134,,,1139,1145,1150,,,1156,1201,1207,,,1212,1218,1223,,,1228,1234,,,1240,1245,1251,,,1256,1302,1307,,,1313,1318,,,1324,1329,1335,,,1340,1346,1351,,,1357,1402,1408,,,1413,1419,,,1424,1430,1435,,,1441,1446,1451,,,1457,1502,,,1507,1513,,,1518,1523,1528,・,,1533,・,1539,,,1545,,,1551,・,1556,・,1602,・,,1607,・,,1613,,,1618,1624,・,,1628,1633,・,1638,・,,1643,・,1648,1653,1658,・,,1703,,,1708,・,,1713,,,1717,1722,,,1726,・,,1730,・,,1734,1738,・,,1744,・,,1748,,,1753,1757,┐,,1808,┐,,1800,1804,,1812,・,,1817,┐,1820,1823,,,1827,┐,,1837,┐,1830,,,,1840,1843,・,,1848,,1856,,1858,┐,1904,,1907,┐,,1914,1925,┐,,1919,,1927,1940,┐,,1933,1937,1943,・,,1947,1951,1954,┐,1957,・,,2002,2006,・,,2010,2015,2020,2025,,,2030,2035,,,2041,2047,2052,2058,,,2104,2111,2118,2125,2132,2139,2146,2152,2159,2205,2212,2219,2225,2231,2239,2246,2254,2259,2302,2309,2316,2324,2331,2338,2345,2354,0003,,,
西船橋_西船橋,発,,,0435,0455,0510,0513,,0521,・,0531,・,0542,・,0551,0556,,0559,0603,,0604,0614,,0610,0616,0620,,,0623,0627,0632,,0632,0636,0638,,0640,0645,0653,,0648,0651,0654,,0655,0658,0701,0704,0706,0709,0711,,0711,0714,0717,0720,・,0722,0725,0723,,0728,0731,0733,0736,0738,0741,・,0743,0746,0748,0749,0749,,0751,0753,0756,0756,,0756,0758,0754,,0801,0803,0803,0803,,0806,0808,0810,0810,,0811,・,0814,0817,0818,0818,,0820,0824,0824,0824,0828,0822,,0831,0835,0836,0836,,0842,,0839,0847,0847,0844,0848,0845,,0852,0856,0857,0857,0900,0904,0918,,0907,0913,0917,0921,0922,,0925,0927,,0929,0934,0937,,0939,0944,0952,0951,,0957,1003,1009,1010,,1015,1020,1026,1025,,1031,1037,1041,,1043,1048,1053,1055,,1059,1104,1110,1110,,1115,1121,1126,1125,,1132,1137,1140,,1143,1148,1154,1155,,1159,1205,1210,1210,,1216,1221,1226,1225,,1232,1237,1240,,1243,1249,1254,1255,,1300,1305,1311,1310,,1316,1322,1325,,1327,1333,1338,1340,,1344,1349,1355,1355,,1400,1406,1411,1410,,1417,1422,1425,,1428,1434,1439,1440,,1444,1450,1455,1455,,1500,1506,1510,,1511,1516,1517,,1521,1526,1531,1538,,1537,・,1542,1540,,1548,1546,,1554,・,1559,・,1605,1601,,1610,1621,,1616,1617,,1621,1627,1637,,1632,1636,・,1641,1643,,1646,・,1651,1656,1701,1700,,1706,1703,,1712,1713,,1716,1716,,1721,1725,1722,,1729,1728,,1734,1746,,1738,1742,・,1745,1749,1758,,1751,1755,,1756,1801,1801,1800,1813,1813,,1804,1809,1813,1817,1826,,1822,1822,1824,1827,1828,,1832,1832,1829,1843,1843,1834,1839,1839,,1844,1848,1847,,1852,1854,1900,1904,1903,1903,1909,1914,1912,1912,,1918,1930,1930,,1923,1927,1932,1945,1945,,1937,1942,1947,1948,,1951,1956,1959,1959,2001,2009,,2005,2010,2022,,2014,2019,2024,2029,2032,,2034,2039,2043,,2045,2050,2056,2102,2104,,2108,2114,2121,2128,2135,2142,2150,2156,2202,2209,2216,2222,2229,2235,2242,2250,2257,2302,2305,2312,2319,2327,2335,2342,2348,2358,0006,,,
下総中山_下総中山,発,,,0437,0458,0513,||,,0523,・,0533,・,0545,・,0554,||,,0601,||,,0606,||,,0612,0618,||,,,0625,0630,||,,0634,0639,||,,0643,0647,||,,0651,0653,||,,0658,0701,0703,0707,0709,0711,||,,0714,0717,0720,0722,・,0725,0727,||,,0730,0733,0736,0738,0741,0743,・,0746,0748,0751,＝,||,,0753,0756,＝,||,,0758,0801,||,,0803,0806,＝,||,,0808,0811,＝,||,,0813,・,0816,0819,＝,||,,0823,＝,||,0826,0830,||,,0834,0837,＝,||,,||,,0842,＝,||,0846,0851,||,,0855,0859,＝,||,0903,0907,||,,0910,0915,0919,0923,||,,0928,||,,0932,0936,||,,0942,0947,0954,||,,0959,1005,1011,||,,1017,1022,1028,||,,1033,1039,||,,1045,1050,1055,||,,1101,1106,1112,||,,1117,1123,1128,||,,1134,1139,||,,1145,1150,1156,||,,1201,1207,1212,||,,1218,1223,1228,||,,1234,1239,||,,1245,1251,1256,||,,1302,1307,1313,||,,1318,1324,||,,1329,1335,1340,||,,1346,1351,1357,||,,1402,1408,1413,||,,1419,1424,||,,1430,1436,1441,||,,1446,1452,1457,||,,1502,1508,||,,1513,1518,||,,1523,1528,1533,||,,1539,・,1545,||,,1550,||,,1556,・,1602,・,1607,||,,1613,||,,1618,||,,1624,1629,||,,1634,1638,・,1643,||,,1648,・,1653,1658,1703,||,,1708,||,,1714,||,,1718,||,,1723,1727,||,,1731,||,,1736,||,,1740,1744,・,1748,1751,||,,1753,||,,1758,＝,||,1803,＝,||,,1806,1811,1816,1819,||,,＝,||,1826,1829,||,,＝,||,1832,＝,||,1836,1842,||,,1846,1850,||,,1854,1857,1902,1906,＝,||,1911,1916,＝,||,,1920,＝,||,,1925,1929,1934,＝,||,,1939,1944,1949,||,,1953,1958,＝,||,2003,||,,2007,2012,||,,2016,2021,2026,2031,||,,2036,2041,||,,2047,2052,2058,2104,||,,2110,2116,2123,2130,2137,2144,2152,2158,2204,2211,2218,2224,2231,2237,2244,2252,2259,＝,2307,2314,2321,2329,2337,2344,2351,0000,0009,,,
本八幡_本八幡,発,,,0439,0500,0515,||,,0525,・,0536,・,0547,・,0556,||,,0603,||,,0609,||,,0615,0621,||,,,0628,0632,||,,0637,0642,||,,0645,0650,||,,0653,0656,||,,0701,0704,0706,0709,0712,0714,||,,0716,0719,0722,0725,・,0728,0730,||,,0733,0736,0738,0741,0743,0746,・,0748,0751,0753,,||,,0756,0758,,||,,0801,0803,||,,0806,0808,,||,,0811,0813,,||,,0816,・,0819,0822,,||,,0825,,||,0829,0833,||,,0837,0840,,||,,||,,0845,,||,0849,0853,||,,0857,0901,,||,0905,0910,||,,0913,0918,0922,0926,||,,0930,||,,0934,0939,||,,0944,0949,0956,||,,1002,1007,1013,||,,1019,1025,1030,||,,1035,1041,||,,1047,1052,1058,||,,1103,1109,1114,||,,1120,1125,1131,||,,1136,1142,||,,1147,1153,1158,||,,1204,1209,1215,||,,1220,1226,1231,||,,1236,1242,||,,1248,1253,1259,||,,1304,1310,1315,||,,1321,1326,||,,1332,1337,1343,||,,1348,1354,1359,||,,1405,1410,1416,||,,1421,1427,||,,1432,1438,1443,||,,1449,1454,1459,||,,1505,1510,||,,1515,1521,||,,1526,1531,1536,||,,1541,・,1547,||,,1552,||,,1558,・,1604,・,1609,||,,1615,||,,1620,||,,1626,1631,||,,1636,1641,・,1646,||,,1651,・,1656,1701,1706,||,,1711,||,,1716,||,,1721,||,,1725,1730,||,,1734,||,,1738,||,,1742,1746,・,1750,1753,||,,1756,||,,1801,,||,1805,,||,,1809,1813,1818,1822,||,,,||,1828,1832,||,,,||,1834,,||,1839,1844,||,,1848,1852,||,,1856,1859,1904,1909,,||,1913,1918,,||,,1923,,||,,1927,1932,1936,,||,,1942,1946,1951,||,,1956,2000,,||,2005,||,,2010,2014,||,,2018,2023,2028,2033,||,,2038,2044,||,,2049,2055,2100,2106,||,,2112,2119,2126,2133,2140,2147,2154,2200,2207,2213,2220,2227,2233,2240,2247,2254,2302,,2310,2317,2324,2332,2339,2346,2353,0002,0011,,,
市川_市川,発,,,0442,0503,0518,||,,0528,・,0538,・,0550,・,0559,||,,0606,||,,0612,||,,0618,0624,||,,,0631,0635,||,,0640,0644,||,,0649,0653,||,,0657,0701,||,,0704,0706,0710,0712,0715,0717,||,,0720,0723,0725,0728,・,0731,0733,||,,0736,0739,0741,0744,0746,0749,・,0751,0754,0756,,||,,0759,0801,,||,,0804,0806,||,,0809,0811,,||,,0814,0816,,||,,0819,・,0822,0825,,||,,0828,,||,0832,0836,||,,0840,0844,,||,,||,,0848,,||,0852,0856,||,,0900,0904,,||,0908,0912,||,,0916,0921,0925,0929,||,,0934,||,,0938,0942,||,,0948,0953,0959,||,,1005,1011,1016,||,,1022,1027,1033,||,,1038,1044,||,,1050,1055,1100,||,,1106,1111,1117,||,,1122,1128,1133,||,,1139,1144,||,,1150,1155,1201,||,,1206,1212,1217,||,,1223,1228,1233,||,,1239,1244,||,,1250,1256,1301,||,,1307,1312,1318,||,,1323,1329,||,,1334,1340,1345,||,,1351,1356,1402,||,,1407,1413,1418,||,,1424,1429,||,,1435,1441,1446,||,,1451,1457,1502,||,,1507,1513,||,,1518,1523,||,,1528,1533,1538,||,,1544,・,1550,||,,1555,||,,1601,・,1607,・,1612,||,,1618,||,,1623,||,,1629,1634,||,,1639,1643,・,1648,||,,1653,・,1658,1703,1708,||,,1713,||,,1719,||,,1723,||,,1728,1732,||,,1736,||,,1741,||,,1745,1749,・,1753,1756,||,,1759,||,,1803,,||,1808,,||,,1812,1816,1820,1826,||,,,||,1831,1834,||,,,||,1838,,||,1842,1847,||,,1851,1855,||,,1859,1903,1907,1911,,||,1916,1921,,||,,1926,,||,,1931,1935,1940,,||,,1945,1949,1954,||,,1958,2003,,||,2008,||,,2012,2017,||,,2021,2026,2031,2036,||,,2041,2046,||,,2052,2057,2103,2109,||,,2115,2121,2128,2135,2142,2149,2157,2203,2209,2216,2223,2229,2236,2242,2249,2257,2304,,2312,2319,2326,2334,2342,2349,2356,0005,0013,,,
小岩_小岩,発,,,0445,0506,0521,||,,0531,・,0541,・,0553,・,0602,||,,0609,||,,0615,||,,0621,0627,||,,,0634,0638,||,,0643,0648,||,,0652,0656,||,,0700,0704,||,,0707,0710,0713,0715,0718,0720,||,,0723,0726,0729,0731,・,0734,0737,||,,0739,0742,0745,0747,0750,0752,・,0755,0757,0800,,||,,0802,0805,,||,,0807,0810,||,,0812,0815,,||,,0817,0820,,||,,0822,・,0825,0828,,||,,0832,,||,0835,0839,||,,0843,0847,,||,,||,,0851,,||,0855,0900,||,,0904,0908,,||,0912,0916,||,,0920,0924,0928,0933,||,,0937,||,,0941,0946,||,,0951,0956,1002,||,,1008,1014,1019,||,,1025,1030,1036,||,,1041,1047,||,,1053,1058,1103,||,,1109,1114,1120,||,,1125,1131,1136,||,,1142,1147,||,,1153,1158,1204,||,,1209,1215,1220,||,,1226,1231,1236,||,,1242,1247,||,,1253,1259,1304,||,,1310,1315,1321,||,,1326,1332,||,,1337,1343,1348,||,,1354,1359,1405,||,,1410,1416,1421,||,,1427,1432,||,,1438,1444,1449,||,,1454,1500,1505,||,,1510,1516,||,,1521,1526,||,,1531,1536,1541,||,,1547,・,1553,||,,1558,||,,1604,・,1610,・,1615,||,,1621,||,,1626,||,,1632,1637,||,,1642,1646,・,1651,||,,1656,・,1701,1706,1711,||,,1716,||,,1722,||,,1726,||,,1731,1735,||,,1739,||,,1744,||,,1748,1752,・,1756,1759,||,,1802,||,,1806,,||,1811,,||,,1815,1819,1823,1829,||,,,||,1834,1837,||,,,||,1841,,||,1845,1850,||,,1854,1858,||,,1902,1906,1910,1914,,||,1919,1924,,||,,1929,,||,,1934,1938,1943,,||,,1948,1952,1957,||,,2001,2006,,||,2011,||,,2015,2020,||,,2024,2029,2034,2039,||,,2044,2049,||,,2055,2100,2106,2112,||,,2118,2124,2131,2138,2145,2152,2200,2206,2212,2219,2226,2232,2239,2245,2252,2300,2307,,2315,2322,2329,2337,2345,2352,2359,0008,0016,,,
新小岩_新小岩,発,,,0448,0509,0524,||,,0534,・,0544,・,0556,・,0605,||,,0612,||,,0618,||,,0624,0631,||,,,0637,0642,||,,0647,0651,||,,0655,0700,||,,0704,0707,||,,0711,0714,0717,0719,0721,0724,||,,0727,0730,0733,0735,・,0738,0740,||,,0743,0746,0748,0751,0753,0756,・,0758,0801,0803,,||,,0806,0808,,||,,0811,0813,||,,0816,0818,,||,,0821,0823,,||,,0826,・,0829,0832,,||,,0835,,||,0839,0843,||,,0847,0851,,||,,||,,0855,,||,0859,0903,||,,0907,0911,,||,0915,0919,||,,0923,0928,0932,0936,||,,0941,||,,0945,0949,||,,0955,1000,1005,||,,1011,1017,1022,||,,1028,1033,1039,||,,1044,1050,||,,1056,1101,1106,||,,1112,1117,1123,||,,1128,1134,1139,||,,1145,1150,||,,1156,1201,1207,||,,1212,1218,1223,||,,1229,1234,1239,||,,1245,1250,||,,1256,1302,1307,||,,1313,1318,1324,||,,1329,1335,||,,1340,1346,1351,||,,1357,1402,1408,||,,1413,1419,1424,||,,1430,1435,||,,1441,1447,1452,||,,1457,1503,1508,||,,1513,1519,||,,1524,1529,||,,1534,1539,1544,||,,1550,・,1556,||,,1601,||,,1607,・,1613,・,1618,||,,1624,||,,1629,||,,1635,1640,||,,1645,1649,・,1654,||,,1659,・,1704,1709,1714,||,,1719,||,,1725,||,,1729,||,,1734,1738,||,,1742,||,,1747,||,,1751,1755,・,1759,1802,||,,1805,||,,1809,,||,1814,,||,,1818,1822,1827,1832,||,,,||,1837,1840,||,,,||,1844,,||,1848,1853,||,,1857,1901,||,,1905,1909,1913,1917,,||,1922,1927,,||,,1932,,||,,1937,1941,1946,,||,,1951,1955,2000,||,,2004,2009,,||,2014,||,,2018,2023,||,,2027,2032,2037,2042,||,,2047,2052,||,,2058,2103,2109,2115,||,,2121,2127,2134,2141,2148,2155,2203,2209,2215,2222,2229,2235,2242,2248,2255,2303,2310,,2318,2325,2332,2340,2348,2355,0002,0011,0020,,,
平井_平井,発,,,0451,0511,0526,||,,0536,・,0547,・,0558,・,0607,||,,0615,||,,0621,||,,0627,0634,||,,,0640,0645,||,,0650,0654,||,,0658,0703,||,,0707,0710,||,,0714,0717,0720,0722,0724,0727,||,,0730,0733,0736,0738,・,0741,0743,||,,0746,0749,0751,0754,0756,0759,・,0801,0804,0806,,||,,0809,0811,,||,,0814,0816,||,,0819,0821,,||,,0824,0826,,||,,0829,・,0832,0835,,||,,0838,,||,0842,0846,||,,0850,0854,,||,,||,,0858,,||,0902,0906,||,,0910,0914,,||,0918,0922,||,,0926,0931,0935,0939,||,,0944,||,,0948,0952,||,,0958,1003,1008,||,,1013,1019,1025,||,,1030,1036,1041,||,,1047,1052,||,,1059,1103,1109,||,,1114,1120,1125,||,,1131,1136,1142,||,,1147,1153,||,,1158,1204,1209,||,,1215,1220,1226,||,,1231,1237,1242,||,,1247,1253,||,,1259,1304,1310,||,,1315,1321,1326,||,,1332,1337,||,,1343,1348,1354,||,,1359,1405,1410,||,,1416,1421,1427,||,,1432,1438,||,,1443,1449,1454,||,,1500,1505,1510,||,,1516,1521,||,,1526,1532,||,,1537,1542,1547,||,,1552,・,1558,||,,1604,||,,1610,・,1615,・,1621,||,,1626,||,,1632,||,,1637,1643,||,,1647,1652,・,1657,||,,1702,・,1707,1712,1717,||,,1722,||,,1727,||,,1732,||,,1736,1741,||,,1745,||,,1749,||,,1753,1757,・,1801,1804,||,,1808,||,,1812,,||,1816,,||,,1820,1825,1829,1834,||,,,||,1839,1843,||,,,||,1846,,||,1851,1855,||,,1859,1903,||,,1907,1911,1915,1920,,||,1924,1930,,||,,1934,,||,,1939,1944,1949,,||,,1953,1958,2002,||,,2007,2011,,||,2016,||,,2021,2025,||,,2029,2034,2039,2044,||,,2049,2055,||,,2100,2106,2111,2117,||,,2123,2130,2137,2144,2151,2158,2205,2211,2218,2224,2231,2238,2244,2251,2258,2305,2313,,2321,2328,2335,2343,2350,2357,0004,0013,0022,,,
亀戸_亀戸,発,,,0453,0514,0529,||,,0539,・,0549,・,0601,・,0610,||,,0617,||,,0625,||,,0631,0637,||,,,0644,0648,||,,0653,0657,||,,0702,0706,||,,0710,0714,||,,0717,0720,0723,0725,0728,0731,||,,0733,0736,0739,0741,・,0744,0747,||,,0749,0752,0754,0757,0759,0802,・,0804,0807,0809,,||,,0812,0814,,||,,0817,0819,||,,0822,0824,,||,,0827,0829,,||,,0832,・,0835,0838,,||,,0841,,||,0845,0849,||,,0853,0857,,||,,||,,0901,,||,0905,0909,||,,0913,0917,,||,0921,0925,||,,0929,0934,0938,0942,||,,0947,||,,0951,0955,||,,1001,1006,1010,||,,1016,1022,1027,||,,1033,1038,1044,||,,1049,1055,||,,1101,1106,1111,||,,1117,1122,1128,||,,1133,1139,1144,||,,1150,1155,||,,1201,1206,1212,||,,1217,1223,1228,||,,1234,1239,1244,||,,1250,1255,||,,1301,1307,1312,||,,1318,1323,1329,||,,1334,1340,||,,1345,1351,1356,||,,1402,1407,1413,||,,1418,1424,1429,||,,1435,1440,||,,1446,1452,1457,||,,1502,1508,1513,||,,1518,1524,||,,1529,1534,||,,1539,1544,1549,||,,1555,・,1601,||,,1606,||,,1612,・,1618,・,1623,||,,1629,||,,1634,||,,1640,1645,||,,1650,1654,・,1659,||,,1704,・,1709,1714,1719,||,,1724,||,,1730,||,,1734,||,,1739,1743,||,,1747,||,,1752,||,,1756,1800,・,1804,1807,||,,1810,||,,1814,,||,1819,,||,,1823,1827,1832,1837,||,,,||,1842,1845,||,,,||,1849,,||,1853,1858,||,,1902,1906,||,,1910,1914,1918,1922,,||,1927,1932,,||,,1937,,||,,1942,1946,1951,,||,,1956,2000,2005,||,,2009,2014,,||,2019,||,,2023,2028,||,,2032,2037,2042,2047,||,,2052,2057,||,,2103,2108,2114,2120,||,,2126,2132,2139,2146,2153,2200,2208,2214,2220,2227,2234,2240,2247,2253,2300,2308,2315,,2323,2330,2337,2345,2353,0000,0007,0016,0025,,,
錦糸町_錦糸町,発,,,0455,0516,0531,||,,0542,・,0553,・,0603,・,0612,||,,0619,||,,0627,||,,0634,0639,||,,,0646,0651,||,,0656,0700,||,,0704,0710,||,,0713,0717,||,,0720,0723,0725,0728,0731,0734,||,,0736,0739,0742,0744,・,0747,0749,||,,0752,0754,0757,0759,0802,0804,・,0807,0809,0812,,||,,0814,0817,,||,,0819,0822,||,,0824,0827,,||,,0829,0832,,||,,0834,・,0837,0840,,||,,0844,,||,0847,0851,||,,0855,0859,,||,,||,,0903,,||,0907,0912,||,,0916,0920,,||,0924,0928,||,,0932,0936,0940,0945,||,,0949,||,,0953,0958,||,,1003,1009,1014,||,,1019,1025,1030,||,,1036,1041,1047,||,,1052,1057,||,,1103,1109,1114,||,,1120,1125,1131,||,,1136,1142,1147,||,,1153,1158,||,,1204,1209,1215,||,,1220,1226,1231,||,,1237,1242,1247,||,,1253,1258,||,,1304,1310,1315,||,,1321,1326,1332,||,,1337,1343,||,,1348,1354,1359,||,,1405,1410,1416,||,,1421,1427,1432,||,,1438,1443,||,,1449,1454,1500,||,,1505,1511,1516,||,,1521,1526,||,,1531,1537,||,,1542,1547,1552,||,,1557,・,1603,||,,1608,||,,1614,・,1620,・,1625,||,,1631,||,,1636,||,,1642,1647,||,,1652,1657,・,1702,||,,1707,・,1712,1717,1722,||,,1727,||,,1732,||,,1737,||,,1741,1746,||,,1750,||,,1754,||,,1758,1802,・,1806,1810,||,,1813,||,,1817,,||,1821,,||,,1825,1830,1834,1839,||,,,||,1844,1848,||,,,||,1852,,||,1856,1900,||,,1904,1908,||,,1912,1916,1920,1925,,||,1929,1934,,||,,1939,,||,,1944,1949,1954,,||,,1958,2003,2007,||,,2012,2016,,||,2021,||,,2026,2030,||,,2034,2039,2044,2049,||,,2054,2100,||,,2105,2111,2116,2122,||,,2128,2135,2142,2149,2156,2203,2210,2216,2223,2229,2236,2243,2249,2256,2303,2310,2318,,2326,2333,2340,2348,2355,0002,0009,0018,0027,,,
両国_両国,発,,,0458,0518,0533,||,,0545,・,0555,・,0605,・,0614,||,,0622,||,,0630,||,,0637,0642,||,,,0649,0654,||,,0659,0703,||,,0707,0713,||,,0716,0720,||,,0723,0726,0728,0731,0734,0737,||,,0739,0742,0745,0747,・,0750,0752,||,,0755,0757,0800,0802,0805,0807,・,0810,0812,0815,,||,,0817,0820,,||,,0822,0825,||,,0827,0830,,||,,0832,0835,,||,,0837,・,0840,0843,,||,,0847,,||,0850,0854,||,,0858,0902,,||,,||,,0906,,||,0910,0915,||,,0919,0923,,||,0927,0931,||,,0935,0939,0943,0948,||,,0952,||,,0956,1001,||,,1006,1012,1016,||,,1022,1027,1033,||,,1038,1044,1049,||,,1055,1100,||,,1106,1111,1117,||,,1122,1128,1133,||,,1139,1144,1150,||,,1155,1201,||,,1206,1212,1217,||,,1223,1228,1234,||,,1239,1244,1250,||,,1255,1301,||,,1306,1313,1318,||,,1323,1329,1334,||,,1340,1345,||,,1351,1356,1402,||,,1407,1413,1418,||,,1424,1429,1435,||,,1440,1446,||,,1451,1457,1502,||,,1508,1513,1518,||,,1524,1529,||,,1534,1539,||,,1544,1549,1554,||,,1600,・,1605,||,,1611,||,,1617,・,1622,・,1628,||,,1633,||,,1639,||,,1644,1650,||,,1655,1659,・,1704,||,,1709,・,1714,1719,1724,||,,1729,||,,1735,||,,1739,||,,1744,1748,||,,1752,||,,1757,||,,1801,1805,・,1809,1812,||,,1816,||,,1820,,||,1824,,||,,1828,1832,1836,1842,||,,,||,1847,1850,||,,,||,1854,,||,1858,1903,||,,1907,1911,||,,1915,1919,1923,1927,,||,1932,1937,,||,,1942,,||,,1947,1952,1956,,||,,2001,2005,2010,||,,2014,2019,,||,2024,||,,2028,2033,||,,2037,2042,2047,2052,||,,2057,2102,||,,2108,2113,2119,2125,||,,2131,2137,2144,2151,2158,2205,2213,2219,2225,2232,2239,2245,2252,2258,2305,2313,2320,,2328,2335,2342,2350,2358,0005,0011,0021,0029,,,
浅草橋_浅草橋,発,,,0500,0520,0535,||,,0547,・,0557,・,0607,・,0616,||,,0624,||,,0633,||,,0639,0645,||,,,0652,0656,||,,0701,0705,||,,0710,0715,||,,0719,0722,||,,0726,0728,0731,0733,0736,0739,||,,0741,0744,0747,0750,・,0752,0755,||,,0757,0800,0802,0805,0807,0810,・,0812,0815,0817,,||,,0820,0822,,||,,0825,0827,||,,0830,0832,,||,,0835,0837,,||,,0840,・,0843,0846,,||,,0849,,||,0853,0857,||,,0901,0905,,||,,||,,0909,,||,0913,0917,||,,0921,0925,,||,0929,0933,||,,0937,0942,0946,0950,||,,0955,||,,0959,1003,||,,1009,1014,1018,||,,1024,1029,1035,||,,1040,1046,1051,||,,1057,1102,||,,1108,1113,1119,||,,1124,1130,1135,||,,1141,1146,1152,||,,1157,1203,||,,1208,1214,1219,||,,1225,1230,1236,||,,1241,1246,1252,||,,1257,1303,||,,1308,1315,1320,||,,1325,1331,1336,||,,1342,1347,||,,1353,1358,1404,||,,1409,1415,1420,||,,1426,1431,1437,||,,1442,1448,||,,1453,1459,1504,||,,1510,1515,1520,||,,1526,1531,||,,1536,1541,||,,1546,1551,1556,||,,1602,・,1607,||,,1613,||,,1619,・,1624,・,1630,||,,1635,||,,1641,||,,1646,1652,||,,1657,1701,・,1706,||,,1711,・,1716,1721,1726,||,,1731,||,,1737,||,,1741,||,,1746,1750,||,,1754,||,,1759,||,,1803,1807,・,1811,1814,||,,1818,||,,1822,,||,1826,,||,,1830,1834,1838,1844,||,,,||,1849,1852,||,,,||,1856,,||,1900,1905,||,,1909,1913,||,,1917,1921,1925,1929,,||,1934,1939,,||,,1944,,||,,1949,1954,1958,,||,,2003,2007,2012,||,,2016,2021,,||,2026,||,,2030,2035,||,,2039,2044,2049,2054,||,,2059,2104,||,,2110,2115,2121,2127,||,,2133,2139,2146,2153,2200,2207,2215,2221,2227,2234,2241,2247,2254,2300,2307,2315,2322,,2330,2337,2344,2352,0000,0007,0013,0023,0031,,,
秋葉原_秋葉原,発,,,0502,0523,0538,||,,0549,・,0559,・,0610,・,0619,||,,0626,||,,0635,||,,0642,0647,||,,,0654,0659,||,,0703,0708,||,,0712,0718,||,,0721,0724,||,,0728,0731,0733,0736,0739,0741,||,,0744,0747,0749,0752,・,0755,0757,||,,0800,0802,0805,0807,0810,0812,・,0815,0817,0820,,||,,0822,0825,,||,,0827,0830,||,,0832,0835,,||,,0837,0840,,||,,0842,・,0845,0848,,||,,0852,,||,0855,0859,||,,0903,0907,,||,,||,,0911,,||,0915,0920,||,,0924,0928,,||,0932,0936,||,,0940,0944,0948,0953,||,,0957,||,,1001,1006,||,,1011,1017,1020,||,,1026,1031,1037,||,,1042,1048,1053,||,,1059,1104,||,,1110,1115,1121,||,,1126,1132,1137,||,,1143,1148,1154,||,,1159,1205,||,,1210,1216,1221,||,,1227,1232,1238,||,,1243,1248,1254,||,,1259,1305,||,,1311,1317,1322,||,,1327,1333,1338,||,,1344,1349,||,,1355,1400,1406,||,,1411,1417,1422,||,,1428,1433,1439,||,,1444,1450,||,,1455,1501,1506,||,,1512,1517,1522,||,,1528,1533,||,,1538,1543,||,,1548,1553,1558,||,,1604,・,1610,||,,1615,||,,1621,・,1627,・,1632,||,,1638,||,,1643,||,,1649,1654,||,,1659,1703,・,1708,||,,1713,・,1718,1723,1728,||,,1733,||,,1739,||,,1743,||,,1748,1752,||,,1756,||,,1801,||,,1805,1809,・,1813,1816,||,,1820,||,,1824,,||,1828,,||,,1832,1836,1841,1846,||,,,||,1851,1854,||,,,||,1858,,||,1902,1907,||,,1911,1915,||,,1919,1923,1927,1931,,||,1936,1941,,||,,1946,,||,,1951,1956,2000,,||,,2005,2009,2014,||,,2018,2023,,||,2028,||,,2032,2037,||,,2041,2046,2051,2056,||,,2101,2106,||,,2112,2117,2123,2129,||,,2135,2141,2148,2155,2202,2209,2217,2223,2229,2236,2243,2249,2256,2302,2309,2317,2324,,2332,2339,2346,2354,0002,0009,0016,0025,0034,,,
御茶ノ水_御茶ノ水,発,,0444,0504,0525,0540,||,,0551,・,0602,・,0612,・,0621,||,,0628,||,,0637,||,,0644,0650,||,,,0656,0701,||,,0706,0710,||,,0714,0720,||,,0724,0727,||,,0731,0733,0736,0738,0741,0744,||,,0746,0749,0752,0754,・,0757,0759,||,,0802,0804,0807,0809,0812,0815,・,0817,0820,0822,,||,,0825,0827,,||,,0830,0832,||,,0835,0837,,||,,0840,0842,,||,,0845,・,0848,0851,,||,,0854,,||,0858,0901,||,,0905,0909,,||,,||,,0913,,||,0917,0922,||,,0926,0930,,||,0935,0938,||,,0943,0947,0951,0955,||,,1000,||,,1004,1008,||,,1014,1019,1023,||,,1028,1034,1039,||,,1045,1050,1056,||,,1101,1106,||,,1112,1118,1123,||,,1129,1134,1140,||,,1145,1151,1156,||,,1202,1207,||,,1213,1218,1224,||,,1229,1235,1240,||,,1246,1251,1256,||,,1301,1307,||,,1313,1319,1324,||,,1330,1335,1341,||,,1346,1352,||,,1357,1403,1408,||,,1414,1419,1425,||,,1430,1436,1441,||,,1447,1452,||,,1458,1503,1509,||,,1514,1519,1525,||,,1530,1535,||,,1540,1546,||,,1550,1555,1600,||,,1606,・,1612,||,,1618,||,,1624,・,1629,・,1635,||,,1640,||,,1646,||,,1651,1657,||,,1701,1706,・,1711,||,,1716,・,1721,1726,1731,||,,1736,||,,1741,||,,1746,||,,1750,1755,||,,1759,||,,1803,||,,1807,1811,・,1815,1819,||,,1823,||,,1826,,||,1830,,||,,1834,1839,1843,1849,||,,,||,1853,1857,||,,,||,1901,,||,1905,1909,||,,1913,1917,||,,1921,1925,1929,1934,,||,1938,1943,,||,,1948,,||,,1954,1959,2003,,||,,2008,2012,2016,||,,2021,2025,,||,2030,||,,2034,2039,||,,2043,2048,2053,2058,||,,2103,2109,||,,2114,2120,2125,2131,||,,2137,2144,2151,2158,2205,2212,2219,2225,2232,2238,2246,2252,2259,2305,2312,2320,2327,,2335,2342,2350,2357,0004,0011,0018,0027,0036,,,
水道橋_水道橋,発,,0447,0506,0527,0542,||,,0554,・,0605,・,0614,・,0623,||,,0630,||,,0640,||,,0646,0652,||,,,0659,0703,||,,0708,0712,||,,0717,0722,||,,0726,0729,||,,0733,0735,0738,0741,0743,0746,||,,0748,0751,0754,0757,・,0759,0802,||,,0804,0807,0809,0812,0814,0817,・,0820,0822,0825,,||,,0827,0830,,||,,0832,0835,||,,0837,0839,,||,,0842,0845,,||,,0847,・,0850,0853,,||,,0857,,||,0900,0904,||,,0908,0912,,||,,||,,0916,,||,0920,0924,||,,0929,0933,,||,0937,0941,||,,0945,0949,0953,0958,||,,1002,||,,1006,1011,||,,1016,1022,1025,||,,1030,1036,1041,||,,1047,1052,1058,||,,1103,1108,||,,1114,1120,1125,||,,1131,1136,1142,||,,1147,1153,1158,||,,1204,1209,||,,1215,1220,1226,||,,1231,1237,1242,||,,1248,1253,1258,||,,1304,1309,||,,1315,1321,1326,||,,1332,1337,1343,||,,1348,1354,||,,1359,1405,1410,||,,1416,1421,1427,||,,1432,1438,1443,||,,1449,1454,||,,1500,1505,1511,||,,1516,1522,1527,||,,1532,1538,||,,1542,1548,||,,1553,1558,1603,||,,1608,・,1614,||,,1620,||,,1626,・,1631,・,1637,||,,1642,||,,1648,||,,1653,1659,||,,1704,1708,・,1713,||,,1718,・,1723,1728,1733,||,,1738,||,,1744,||,,1748,||,,1753,1757,||,,1801,||,,1806,||,,1810,1814,・,1818,1822,||,,1825,||,,1829,,||,1833,,||,,1837,1841,1845,1851,||,,,||,1855,1859,||,,,||,1903,,||,1907,1912,||,,1916,1920,||,,1924,1928,1932,1936,,||,1941,1946,,||,,1951,,||,,1956,2001,2006,,||,,2010,2015,2020,||,,2024,2029,,||,2033,||,,2038,2042,||,,2047,2052,2057,2102,||,,2107,2112,||,,2118,2123,2129,2135,||,,2141,2147,2154,2201,2208,2215,2222,2229,2235,2242,2248,2255,2301,2308,2315,2322,2330,,2337,2345,2352,2359,0007,0014,0020,0029,0038,,,
飯田橋_飯田橋,発,,0449,0508,0529,0544,||,,0556,・,0607,・,0616,・,0625,||,,0632,||,,0642,||,,0648,0654,||,,,0701,0705,||,,0710,0714,||,,0719,0724,||,,0728,0731,||,,0735,0737,0740,0743,0745,0748,||,,0750,0753,0756,0759,・,0801,0804,||,,0806,0809,0811,0814,0816,0819,・,0822,0824,0827,,||,,0829,0832,,||,,0834,0837,||,,0839,0841,,||,,0844,0847,,||,,0849,・,0852,0855,,||,,0859,,||,0902,0906,||,,0910,0914,,||,,||,,0918,,||,0922,0926,||,,0931,0935,,||,0939,0943,||,,0947,0951,0955,1000,||,,1004,||,,1008,1013,||,,1018,1024,1027,||,,1032,1038,1043,||,,1049,1054,1100,||,,1105,1110,||,,1116,1122,1127,||,,1133,1138,1144,||,,1149,1155,1200,||,,1206,1211,||,,1217,1222,1228,||,,1233,1239,1244,||,,1250,1255,1300,||,,1306,1311,||,,1317,1323,1328,||,,1334,1339,1345,||,,1350,1356,||,,1401,1407,1412,||,,1418,1423,1429,||,,1434,1440,1445,||,,1451,1456,||,,1502,1507,1513,||,,1518,1524,1529,||,,1534,1540,||,,1544,1550,||,,1555,1600,1605,||,,1610,・,1616,||,,1622,||,,1628,・,1633,・,1639,||,,1644,||,,1650,||,,1655,1701,||,,1706,1710,・,1715,||,,1720,・,1725,1730,1735,||,,1740,||,,1746,||,,1750,||,,1755,1759,||,,1803,||,,1808,||,,1812,1816,・,1820,1824,||,,1827,||,,1831,,||,1835,,||,,1839,1843,1848,1853,||,,,||,1858,1901,||,,,||,1905,,||,1909,1914,||,,1918,1922,||,,1926,1930,1934,1938,,||,1943,1948,,||,,1953,,||,,1958,2003,2008,,||,,2012,2017,2022,||,,2026,2031,,||,2035,||,,2040,2044,||,,2049,2054,2059,2104,||,,2109,2114,||,,2120,2125,2131,2137,||,,2143,2149,2156,2203,2210,2217,2224,2231,2237,2244,2250,2257,2303,2310,2317,2324,2332,,2339,2347,2354,0001,0009,0016,0022,0031,0040,,,
市ケ谷_市ケ谷,発,,0451,0510,0531,0546,||,,0558,・,0609,・,0618,・,0627,||,,0634,||,,0644,||,,0650,0656,||,,,0703,0707,||,,0712,0716,||,,0721,0726,||,,0730,0733,||,,0737,0739,0742,0745,0747,0750,||,,0752,0755,0758,0801,・,0803,0806,||,,0808,0811,0813,0816,0818,0821,・,0824,0826,0829,,||,,0831,0834,,||,,0836,0839,||,,0841,0843,,||,,0846,0849,,||,,0851,・,0854,0857,,||,,0901,,||,0904,0908,||,,0912,0916,,||,,||,,0920,,||,0924,0928,||,,0933,0937,,||,0941,0945,||,,0949,0953,0957,1002,||,,1006,||,,1010,1015,||,,1020,1026,1029,||,,1034,1040,1045,||,,1051,1056,1102,||,,1107,1112,||,,1118,1124,1129,||,,1135,1140,1146,||,,1151,1157,1202,||,,1208,1213,||,,1219,1224,1230,||,,1235,1241,1246,||,,1252,1257,1302,||,,1308,1313,||,,1319,1325,1330,||,,1336,1341,1347,||,,1352,1358,||,,1403,1409,1414,||,,1420,1425,1431,||,,1436,1442,1447,||,,1453,1458,||,,1504,1509,1515,||,,1520,1526,1531,||,,1536,1542,||,,1546,1552,||,,1557,1602,1607,||,,1612,・,1618,||,,1624,||,,1630,・,1635,・,1641,||,,1646,||,,1652,||,,1657,1703,||,,1708,1712,・,1717,||,,1722,・,1727,1732,1737,||,,1742,||,,1748,||,,1752,||,,1757,1801,||,,1805,||,,1810,||,,1814,1818,・,1822,1826,||,,1829,||,,1833,,||,1837,,||,,1841,1845,1850,1855,||,,,||,1900,1903,||,,,||,1907,,||,1911,1916,||,,1920,1924,||,,1928,1932,1936,1940,,||,1945,1950,,||,,1955,,||,,2000,2005,2010,,||,,2014,2019,2024,||,,2028,2033,,||,2037,||,,2042,2046,||,,2051,2056,2101,2106,||,,2111,2116,||,,2122,2127,2133,2139,||,,2145,2151,2158,2205,2212,2219,2226,2233,2239,2246,2252,2259,2305,2312,2319,2326,2334,,2341,2349,2356,0003,0011,0018,0024,0033,0042,,,
四ツ谷_四ツ谷,発,,0453,0512,0533,0548,||,,0600,・,0611,・,0620,・,0629,||,,0636,||,,0646,||,,0652,0658,||,,,0705,0709,||,,0714,0718,||,,0723,0728,||,,0732,0735,||,,0739,0742,0744,0747,0749,0752,||,,0754,0757,0800,0803,・,0805,0808,||,,0810,0813,0815,0818,0820,0823,・,0826,0828,0831,,||,,0833,0836,,||,,0838,0841,||,,0843,0845,,||,,0848,0851,,||,,0853,・,0856,0859,,||,,0903,,||,0906,0910,||,,0914,0918,,||,,||,,0922,,||,0926,0930,||,,0935,0939,,||,0943,0947,||,,0951,0955,0959,1004,||,,1008,||,,1012,1017,||,,1022,1028,1031,||,,1036,1042,1047,||,,1053,1058,1104,||,,1109,1114,||,,1120,1126,1131,||,,1137,1142,1148,||,,1153,1159,1204,||,,1210,1215,||,,1221,1226,1232,||,,1237,1243,1248,||,,1254,1259,1304,||,,1310,1315,||,,1321,1327,1332,||,,1338,1343,1349,||,,1354,1400,||,,1405,1411,1416,||,,1422,1427,1433,||,,1438,1444,1449,||,,1455,1500,||,,1506,1511,1517,||,,1522,1528,1533,||,,1538,1544,||,,1548,1554,||,,1559,1604,1609,||,,1614,・,1620,||,,1626,||,,1632,・,1637,・,1643,||,,1648,||,,1654,||,,1659,1705,||,,1710,1714,・,1719,||,,1724,・,1729,1734,1739,||,,1744,||,,1750,||,,1755,||,,1759,1804,||,,1808,||,,1812,||,,1816,1820,・,1824,1828,||,,1832,||,,1835,,||,1839,,||,,1843,1848,1852,1857,||,,,||,1902,1906,||,,,||,1910,,||,1914,1918,||,,1922,1926,||,,1930,1934,1938,1943,,||,1947,1952,,||,,1957,,||,,2002,2007,2012,,||,,2016,2021,2026,||,,2030,2035,,||,2039,||,,2044,2048,||,,2053,2058,2103,2108,||,,2113,2118,||,,2124,2129,2135,2141,||,,2147,2153,2200,2207,2214,2221,2228,2235,2241,2248,2254,2301,2307,2314,2321,2328,2336,,2343,2351,2358,0005,0013,0020,0026,0035,0044,,,
信濃町_信濃町,発,,0455,0514,0535,0550,||,,0602,・,0613,・,0622,・,0631,||,,0639,||,,0648,||,,0655,0700,||,,,0707,0712,||,,0716,0721,||,,0725,0730,||,,0734,0738,||,,0741,0744,0746,0749,0752,0754,||,,0757,0759,0802,0805,・,0807,0810,||,,0812,0815,0817,0820,0822,0825,・,0828,0830,0833,,||,,0835,0838,,||,,0841,0843,||,,0845,0848,,||,,0850,0853,,||,,0855,・,0858,0901,,||,,0905,,||,0908,0912,||,,0916,0920,,||,,||,,0924,,||,0928,0932,||,,0937,0941,,||,0945,0949,||,,0953,0957,1001,1006,||,,1010,||,,1014,1019,||,,1024,1030,1034,||,,1039,1044,1050,||,,1055,1101,1106,||,,1112,1116,||,,1123,1128,1134,||,,1139,1145,1150,||,,1156,1201,1207,||,,1212,1218,||,,1223,1229,1234,||,,1240,1245,1251,||,,1256,1301,1307,||,,1312,1317,||,,1323,1330,1335,||,,1340,1346,1351,||,,1357,1402,||,,1408,1413,1419,||,,1424,1430,1435,||,,1441,1446,1452,||,,1457,1503,||,,1508,1514,1519,||,,1525,1530,1535,||,,1541,1546,||,,1551,1556,||,,1601,1606,1611,||,,1616,・,1622,||,,1628,||,,1634,・,1640,・,1645,||,,1651,||,,1656,||,,1702,1707,||,,1712,1716,・,1721,||,,1726,・,1731,1736,1741,||,,1746,||,,1752,||,,1757,||,,1801,1806,||,,1810,||,,1814,||,,1818,1822,・,1826,1830,||,,1834,||,,1837,,||,1841,,||,,1845,1850,1854,1859,||,,,||,1904,1908,||,,,||,1912,,||,1916,1920,||,,1924,1928,||,,1932,1936,1940,1945,,||,1949,1954,,||,,1959,,||,,2004,2009,2014,,||,,2018,2023,2028,||,,2032,2037,,||,2041,||,,2046,2050,||,,2055,2100,2105,2110,||,,2115,2120,||,,2126,2131,2137,2143,||,,2149,2155,2202,2209,2216,2223,2230,2237,2243,2250,2256,2303,2309,2316,2323,2330,2338,,2345,2353,0000,0007,0015,0022,0028,0037,0046,,,
千駄ケ谷_千駄ケ谷,発,,0456,0516,0537,0552,||,,0603,・,0614,・,0624,・,0633,||,,0640,||,,0649,||,,0656,0702,||,,,0708,0713,||,,0718,0722,||,,0727,0732,||,,0736,0739,||,,0743,0745,0748,0751,0753,0756,||,,0758,0801,0804,0807,・,0809,0812,||,,0814,0817,0819,0822,0824,0827,・,0829,0832,0834,,||,,0837,0839,,||,,0842,0845,||,,0847,0849,,||,,0852,0854,,||,,0857,・,0900,0903,,||,,0907,,||,0910,0914,||,,0918,0922,,||,,||,,0926,,||,0930,0934,||,,0939,0943,,||,0947,0950,||,,0955,0959,1003,1007,||,,1012,||,,1016,1020,||,,1026,1031,1035,||,,1040,1046,1051,||,,1057,1102,1108,||,,1113,1118,||,,1124,1130,1135,||,,1141,1146,1152,||,,1157,1203,1208,||,,1214,1219,||,,1225,1230,1236,||,,1241,1247,1252,||,,1258,1303,1308,||,,1313,1319,||,,1325,1331,1336,||,,1342,1347,1353,||,,1358,1404,||,,1409,1415,1420,||,,1426,1431,1437,||,,1442,1448,1453,||,,1459,1504,||,,1510,1515,1521,||,,1526,1531,1537,||,,1542,1547,||,,1552,1558,||,,1602,1607,1612,||,,1618,・,1624,||,,1630,||,,1636,・,1641,・,1647,||,,1652,||,,1658,||,,1703,1709,||,,1713,1718,・,1723,||,,1728,・,1733,1738,1743,||,,1748,||,,1753,||,,1758,||,,1803,1807,||,,1811,||,,1816,||,,1820,1824,・,1828,1832,||,,1835,||,,1839,,||,1843,,||,,1847,1851,1856,1901,||,,,||,1906,1909,||,,,||,1913,,||,1917,1922,||,,1926,1930,||,,1934,1938,1942,1946,,||,1951,1955,,||,,2000,,||,,2006,2011,2015,,||,,2020,2024,2029,||,,2034,2038,,||,2043,||,,2047,2052,||,,2056,2101,2106,2111,||,,2116,2122,||,,2127,2133,2138,2144,||,,2150,2157,2204,2211,2218,2225,2232,2238,2245,2251,2258,2304,2311,2317,2324,2332,2339,,2347,2354,0002,0009,0016,0023,0030,0039,0048,,,
代々木_代々木,発,,0459,0518,0539,0554,||,,0606,・,0617,・,0626,・,0635,||,,0642,||,,0652,||,,0658,0704,||,,,0711,0715,||,,0720,0724,||,,0729,0734,||,,0738,0741,||,,0745,0748,0750,0753,0755,0758,||,,0800,0803,0806,0809,・,0811,0814,||,,0816,0819,0821,0824,0826,0829,・,0832,0834,0837,,||,,0839,0842,,||,,0844,0847,||,,0849,0851,,||,,0854,0857,,||,,0859,・,0902,0905,,||,,0909,,||,0912,0916,||,,0920,0924,,||,,||,,0928,,||,0932,0936,||,,0941,0945,,||,0949,0953,||,,0957,1001,1005,1010,||,,1014,||,,1018,1023,||,,1028,1034,1037,||,,1042,1048,1053,||,,1059,1104,1110,||,,1115,1120,||,,1126,1132,1137,||,,1143,1148,1154,||,,1159,1205,1210,||,,1216,1221,||,,1227,1232,1238,||,,1243,1249,1254,||,,1300,1305,1310,||,,1316,1321,||,,1327,1333,1338,||,,1344,1349,1355,||,,1400,1406,||,,1411,1417,1422,||,,1428,1433,1439,||,,1444,1450,1455,||,,1501,1506,||,,1512,1517,1523,||,,1528,1534,1539,||,,1544,1550,||,,1554,1600,||,,1605,1610,1615,||,,1620,・,1626,||,,1632,||,,1638,・,1643,・,1649,||,,1654,||,,1700,||,,1705,1711,||,,1716,1720,・,1725,||,,1730,・,1735,1740,1745,||,,1750,||,,1756,||,,1801,||,,1805,1810,||,,1814,||,,1818,||,,1822,1826,・,1830,1834,||,,1838,||,,1841,,||,1845,,||,,1849,1854,1858,1903,||,,,||,1908,1912,||,,,||,1916,,||,1920,1924,||,,1928,1932,||,,1936,1940,1944,1949,,||,1953,1958,,||,,2003,,||,,2008,2013,2018,,||,,2022,2027,2032,||,,2036,2041,,||,2045,||,,2050,2054,||,,2059,2104,2109,2114,||,,2119,2124,||,,2130,2135,2141,2147,||,,2153,2159,2206,2213,2220,2227,2234,2241,2247,2254,2300,2307,2313,2320,2327,2334,2342,,2349,2357,0004,0011,0019,0026,0032,0041,0050,,,
新宿_新宿,発,,0501,0522,0541,0556,||,,0609,・,0620,・,0628,・,0637,||,,0644,||,,0654,||,,0700,0706,||,,,0713,0718,||,,0722,0726,||,,0732,0736,||,,0741,0745,||,,0747,0750,0752,0755,0757,0800,||,,0802,0805,0808,0811,・,0813,0816,||,,0818,0821,0823,0826,0828,0831,・,0834,0836,0839,,||,,0841,0844,,||,,0846,0849,||,,0851,0854,,||,,0856,0859,,||,,0901,・,0905,0908,,||,,0911,,||,0914,0918,||,,0922,0926,,||,,||,,0931,,||,0935,0938,||,,0943,0947,,||,0951,0955,||,,1000,1004,1007,1013,||,,1016,||,,1021,1025,||,,1030,1036,1039,||,,1045,1050,1055,||,,1101,1106,1112,||,,1117,1122,||,,1129,1134,1139,||,,1145,1150,1156,||,,1201,1207,1212,||,,1218,1223,||,,1229,1234,1240,||,,1246,1251,1256,||,,1303,1307,1312,||,,1318,1323,||,,1329,1335,1341,||,,1347,1351,1357,||,,1403,1408,||,,1414,1419,1425,||,,1431,1435,1441,||,,1448,1452,1457,||,,1503,1508,||,,1515,1519,1525,||,,1530,1536,1541,||,,1546,1552,||,,1556,1602,||,,1607,1612,1617,||,,1622,・,1628,||,,1634,||,,1640,・,1645,・,1651,||,,1657,||,,1702,||,,1708,1713,||,,1718,1722,・,1727,||,,1732,・,1738,1743,1748,||,,1753,||,,1759,||,,1803,||,,1808,1812,||,,1816,||,,1821,||,,1825,1829,・,1832,1836,||,,1840,||,,1844,,||,1848,,||,,1852,1856,1900,1905,||,,,||,1910,1914,||,,,||,1918,,||,1922,1926,||,,1930,1935,||,,1939,1942,1947,1951,,||,1955,2000,,||,,2005,,||,,2011,2016,2020,,||,,2025,2029,2034,||,,2038,2043,,||,2048,||,,2052,2057,||,,2101,2106,2111,2116,||,,2121,2127,||,,2132,2137,2143,2149,||,,2155,2202,2209,2216,2223,2230,2237,2243,2249,2256,2303,2310,2317,2323,2331,2337,2345,,2353,2359,0007,0014,0021,0029,0035,0043,0052,,,
大久保_大久保,発,,0503,0524,0543,0558,||,,0611,・,0622,・,0630,・,0639,||,,0647,||,,0656,||,,0703,0708,||,,,0715,0721,||,,0724,0729,||,,0734,0738,||,,0743,0747,||,,0749,0752,0754,0757,0800,0802,||,,0805,0807,0810,0813,・,0815,0818,||,,0820,0823,0825,0828,0830,0833,・,0836,0838,0841,,||,,0843,0846,,||,,0849,0851,||,,0853,0856,,||,,0858,0901,,||,,0903,・,0907,0910,,||,,0913,,||,0916,0920,||,,0924,0928,,||,,||,,0933,,||,0937,0940,||,,0945,0949,,||,0954,0958,||,,1002,1006,1010,1015,||,,1019,||,,1023,1027,||,,1032,1038,1042,||,,1047,1052,1058,||,,1104,1109,1114,||,,1120,1125,||,,1131,1136,1142,||,,1147,1153,1158,||,,1204,1209,1215,||,,1220,1226,||,,1232,1237,1242,||,,1248,1253,1259,||,,1305,1309,1315,||,,1320,1325,||,,1332,1338,1344,||,,1349,1354,1359,||,,1406,1410,||,,1416,1421,1427,||,,1433,1438,1443,||,,1450,1454,1500,||,,1505,1511,||,,1517,1522,1527,||,,1533,1538,1543,||,,1549,1554,||,,1559,1604,||,,1609,1614,1619,||,,1624,・,1630,||,,1636,||,,1643,・,1648,・,1654,||,,1659,||,,1705,||,,1710,1715,||,,1720,1724,・,1729,||,,1734,・,1740,1745,1750,||,,1755,||,,1801,||,,1806,||,,1810,1814,||,,1818,||,,1824,||,,1828,1832,・,1835,1839,||,,1842,||,,1847,,||,1850,,||,,1854,1859,1902,1908,||,,,||,1912,1917,||,,,||,1920,,||,1925,1929,||,,1933,1937,||,,1941,1945,1949,1954,,||,1958,2002,,||,,2007,,||,,2013,2018,2022,,||,,2027,2031,2036,||,,2040,2045,,||,2050,||,,2054,2059,||,,2103,2108,2113,2118,||,,2124,2129,||,,2134,2139,2145,2151,||,,2157,2204,2211,2218,2225,2232,2239,2245,2251,2258,2305,2312,2319,2325,2333,2339,2347,,2355,0001,0009,0016,0023,0031,0037,0045,0054,,,
東中野_東中野,発,,0505,0526,0545,0600,||,┐,0613,・,0624,・,0632,・,0641,||,┐,0649,||,┐,0658,||,┐,0705,0710,||,┐,,0717,0723,||,┐,0726,0731,||,┐,0736,0740,||,┐,0745,0749,||,┐,0751,0754,0756,0759,0802,0804,||,┐,0807,0809,0812,0815,・,0817,0820,||,┐,0822,0825,0827,0830,0832,0835,・,0838,0840,0843,,||,┐,0845,0848,,||,┐,0851,0853,||,┐,0855,0858,,||,┐,0900,0903,,||,┐,0905,・,0909,0912,,||,┐,0915,,||,0918,0922,||,┐,0926,0930,,||,┐,||,┐,0935,,||,0939,0942,||,┐,0947,0951,,||,0956,1000,||,┐,1004,1008,1012,1017,||,┐,1021,||,┐,1025,1029,||,┐,1034,1040,1044,||,┐,1049,1054,1100,||,┐,1106,1111,1116,||,┐,1122,1127,||,┐,1133,1138,1144,||,┐,1149,1155,1200,||,┐,1206,1211,1217,||,┐,1222,1228,||,┐,1234,1239,1244,||,┐,1250,1255,1301,||,┐,1307,1311,1317,||,┐,1322,1327,||,┐,1334,1340,1346,||,┐,1351,1356,1401,||,┐,1408,1412,||,┐,1418,1423,1429,||,┐,1435,1440,1445,||,┐,1452,1456,1502,||,┐,1507,1513,||,┐,1519,1524,1529,||,┐,1535,1540,1545,||,┐,1551,1556,||,┐,1601,1606,||,┐,1611,1616,1621,||,┐,1626,・,1632,||,┐,1638,||,┐,1645,・,1650,・,1656,||,┐,1701,||,┐,1707,||,┐,1712,1717,||,┐,1722,1726,・,1731,||,┐,1736,・,1742,1747,1752,||,┐,1757,||,┐,1803,||,┐,1808,||,┐,1812,1816,||,┐,1820,||,┐,1826,||,┐,1830,1834,・,1837,1841,||,┐,1844,||,┐,1849,,||,1852,,||,┐,1856,1901,1904,1910,||,┐,,||,1914,1919,||,┐,,||,1922,,||,1927,1931,||,┐,1935,1939,||,┐,1943,1947,1951,1956,,||,2000,2004,,||,┐,2009,,||,┐,2015,2020,2024,,||,┐,2029,2033,2038,||,┐,2042,2047,,||,2052,||,┐,2056,2101,||,┐,2105,2110,2115,2120,||,┐,2126,2131,||,┐,2136,2141,2147,2153,||,┐,2159,2206,2213,2220,2227,2234,2241,2247,2253,2300,2307,2314,2321,2327,2335,2341,2349,,2357,0003,0011,0018,0025,0033,0039,0047,0056,,,
中野_中野,発,0442,0508,0529,0549,0604,0605,0606,0616,0625,0628,0633,0636,0642,0646,0649,0650,0652,0657,0657,0702,0706,0706,0708,0713,0712,0713,0716,0721,0726,0725,0726,0730,0734,0736,0738,0740,0744,0747,0748,0750,0753,0752,0755,0755,0757,0800,0802,0805,0807,0806,0808,0811,0812,0816,0818,0818,0821,0823,0823,0826,0826,0828,0831,0833,0836,0838,0838,0841,0844,0846,,0846,0847,0849,0852,,0854,0854,0854,0856,0856,0857,0859,0902,,0903,0904,0904,0907,,0907,0909,0909,0911,0914,0915,,0915,0916,0920,,0922,0923,0925,0924,0926,0930,0934,,0934,0935,0936,0937,0940,,0941,0944,0946,0946,0947,0952,0954,,0954,1000,1003,1004,1005,1009,1013,1015,1020,1020,1021,1024,1024,1027,1030,1032,1034,1036,1037,1043,1047,1048,1050,1052,1058,1103,1103,1106,1109,1114,1119,1118,1121,1128,1130,1133,1136,1136,1143,1147,1148,1151,1152,1158,1203,1203,1206,1209,1215,1220,1218,1221,1228,1231,1233,1236,1237,1243,1247,1248,1251,1253,1259,1304,1303,1306,1310,1315,1320,1318,1321,1328,1330,1333,1336,1337,1343,1349,1348,1350,1354,1359,1404,1403,1406,1411,1416,1418,1421,1421,1428,1432,1433,1436,1438,1443,1448,1448,1450,1455,1500,1505,1503,1506,1513,1516,1518,1521,1522,1528,1532,1533,1536,1538,1543,1548,1548,1549,1554,1559,1603,1604,1604,1610,1612,1614,1614,1619,1624,1623,1625,1630,1634,1635,1635,1638,1642,1644,1645,1648,1652,1653,1657,1659,1700,1702,1706,1708,1709,1712,1714,1715,1715,1721,1724,1725,1725,1730,1732,1735,1736,1739,1739,1745,1748,1752,1755,1756,1757,1800,1801,1803,1806,1808,1809,1812,1814,1814,1817,1819,1819,1820,1824,1825,1827,1829,1831,1832,1835,1837,1838,1841,1844,1843,1844,1848,1850,1851,1854,,1854,1855,,1858,1859,1902,1904,1908,1913,1914,1914,,1918,1918,1922,1921,1922,,1925,1926,,1929,1931,1934,1935,1937,1939,1943,1945,1946,1947,1950,1955,1959,,2000,2003,2007,,2007,2008,2013,,2015,2015,2020,2024,2027,,2029,2029,2034,2036,2041,2044,2045,2045,2050,,2051,2055,2054,2055,2100,2104,2106,2107,2111,2113,2118,2124,2127,2128,2129,2135,2138,2139,2139,2145,2150,2156,2157,2200,2202,2209,2216,2225,2230,2237,2244,2251,2256,2303,2310,2317,2324,2330,2338,2345,2352,,0000,0007,0015,0022,0028,0036,0042,0050,0059,,,
高円寺_高円寺,発,0444,0510,0531,0551,0606,＝,0608,0619,0627,0630,0635,0638,0644,0648,＝,0652,＝,＝,0700,0705,＝,0709,＝,＝,＝,0715,0718,0723,＝,＝,0728,0732,0736,＝,0740,0742,0746,＝,0750,0752,0755,＝,0757,＝,0800,0802,0805,0807,＝,＝,0810,0813,＝,0818,＝,0820,0823,0826,＝,0828,＝,0831,0833,0836,0838,＝,0841,0843,0846,＝,,＝,0849,0852,0854,,＝,0857,＝,＝,＝,0859,0901,0904,,＝,0906,＝,0909,,＝,0911,＝,0914,0916,＝,,＝,0918,0922,,＝,0925,＝,＝,0928,0932,＝,,＝,0937,＝,0939,0942,,＝,0946,＝,＝,0949,0954,＝,,＝,1002,＝,＝,1007,1011,1015,＝,＝,＝,1023,1026,＝,1029,1032,＝,＝,1038,＝,1046,＝,＝,1052,＝,1100,＝,＝,1108,＝,1116,＝,＝,1123,1130,＝,＝,1138,＝,1145,＝,＝,1153,＝,1200,＝,＝,1208,＝,1217,＝,＝,1223,1230,＝,＝,1238,＝,1245,＝,＝,1253,＝,1301,＝,＝,1308,＝,1317,＝,＝,1323,1330,＝,＝,1338,＝,1345,＝,＝,1352,＝,1401,＝,＝,1408,＝,1418,＝,1423,＝,1430,＝,＝,1438,＝,1445,＝,＝,1452,＝,1502,＝,＝,1508,1515,＝,＝,1523,＝,1530,＝,＝,1538,＝,1545,＝,＝,1551,＝,1601,＝,1606,＝,1612,＝,1616,＝,1622,＝,＝,1627,1632,1636,＝,＝,1641,1644,＝,1647,1650,1654,＝,1659,1701,＝,1704,1708,＝,1711,1714,＝,1717,＝,1723,＝,1727,＝,1732,1734,1737,＝,1741,＝,1747,1750,1754,＝,＝,1759,1802,＝,1805,＝,＝,1812,1814,＝,1817,1819,＝,＝,1822,1826,＝,1829,＝,＝,1834,1837,＝,1840,1843,＝,＝,1846,1850,＝,1853,1856,,＝,＝,,＝,1901,1904,＝,1910,＝,＝,1917,,＝,1921,＝,＝,1925,,＝,1928,,＝,1934,＝,＝,1939,1941,1945,＝,1948,＝,1953,1957,＝,,＝,2006,＝,,＝,2010,2015,,＝,2018,2022,2026,＝,,＝,2032,2036,＝,2044,＝,2047,＝,2052,,＝,＝,＝,2058,2102,2106,＝,2109,2113,＝,2120,2127,＝,2131,＝,2138,＝,2141,＝,2147,＝,2158,＝,2202,＝,2212,2219,2227,＝,2240,＝,2253,＝,2305,2313,2320,＝,2333,＝,2347,＝,,0003,0009,0017,0024,＝,0039,0045,＝,＝,,,
阿佐ケ谷_阿佐ケ谷,発,0446,0512,0533,0553,0608,,0610,0621,0629,0632,0637,0640,0646,0650,,0654,,,0702,0707,,0711,,,,0717,0720,0725,,,0730,0734,0738,,0742,0744,0748,,0752,0754,0757,,0759,,0802,0804,0807,0809,,,0812,0815,,0820,,0822,0825,0828,,0830,,0833,0835,0838,0840,,0843,0845,0848,,,,0851,0854,0856,,,0859,,,,0901,0903,0906,,,0908,,0911,,,0913,,0916,0918,,,,0920,0924,,,0927,,,0930,0934,,,,0939,,0941,0944,,,0948,,,0951,0956,,,,1004,,,1009,1013,1017,,,,1025,1028,,1031,1034,,,1040,,1048,,,1054,,1102,,,1110,,1118,,,1125,1132,,,1140,,1147,,,1155,,1202,,,1210,,1219,,,1225,1232,,,1240,,1247,,,1255,,1303,,,1310,,1319,,,1325,1332,,,1340,,1347,,,1354,,1403,,,1410,,1420,,1425,,1432,,,1440,,1447,,,1454,,1504,,,1510,1517,,,1525,,1532,,,1540,,1547,,,1553,,1603,,1608,,1614,,1618,,1624,,,1629,1634,1638,,,1643,1646,,1649,1652,1656,,1701,1703,,1706,1710,,1713,1716,,1719,,1725,,1729,,1734,1736,1739,,1743,,1749,1752,1756,,,1801,1804,,1807,,,1814,1816,,1819,1821,,,1824,1828,,1831,,,1836,1839,,1842,1845,,,1848,1852,,1855,1858,,,,,,1903,1906,,1912,,,1919,,,1923,,,1927,,,1930,,,1936,,,1941,1943,1947,,1950,,1955,1959,,,,2008,,,,2012,2017,,,2020,2024,2028,,,,2034,2038,,2046,,2049,,2054,,,,,2100,2104,2108,,2111,2115,,2122,2129,,2133,,2140,,2143,,2149,,2200,,2204,,2214,2221,2229,,2242,,2255,,2307,2315,2322,,2335,,2349,,,0005,0011,0019,0026,,0041,0047,,,,,
荻窪_荻窪,発,0448,0515,0536,0555,0610,,0612,0623,0631,0634,0640,0643,0648,0652,,0656,,,0704,0709,,0713,,,,0719,0722,0727,,,0733,0736,0740,,0744,0747,0750,,0754,0757,0759,,0802,,0804,0806,0809,0812,,,0814,0817,,0822,,0825,0827,0830,,0832,,0835,0838,0840,0843,,0845,0848,0850,,,,0853,0856,0858,,,0901,,,,0903,0905,0908,,,0910,,0913,,,0915,,0918,0920,,,,0923,0926,,,0929,,,0933,0936,,,,0941,,0944,0946,,,0950,,,0953,0959,,,,1006,,,1011,1015,1019,,,,1027,1030,,1033,1036,,,1042,,1050,,,1056,,1104,,,1112,,1120,,,1127,1134,,,1142,,1149,,,1157,,1204,,,1212,,1221,,,1227,1234,,,1242,,1249,,,1257,,1305,,,1312,,1321,,,1327,1334,,,1342,,1349,,,1356,,1405,,,1412,,1422,,1427,,1434,,,1442,,1450,,,1456,,1506,,,1512,1519,,,1527,,1534,,,1542,,1550,,,1555,,1606,,1610,,1616,,1620,,1626,,,1632,1636,1641,,,1646,1648,,1651,1655,1658,,1703,1706,,1708,1712,,1716,1718,,1721,,1727,,1732,,1736,1738,1741,,1745,,1751,1754,1759,,,1803,1807,,1809,,,1816,1818,,1821,1824,,,1827,1830,,1833,,,1839,1841,,1845,1847,,,1851,1855,,1858,1901,,,,,,1905,1908,,1915,,,1921,,,1925,,,1929,,,1933,,,1938,,,1943,1946,1950,,1953,,1957,2002,,,,2010,,,,2015,2019,,,2022,2026,2031,,,,2036,2040,,2048,,2051,,2057,,,,,2102,2106,2111,,2113,2117,,2125,2131,,2135,,2142,,2146,,2151,,2203,,2206,,2216,2223,2231,,2244,,2257,,2310,2317,2324,,2337,,2351,,,0007,0013,0021,0028,,0043,0049,,,,,
西荻窪_西荻窪,発,0450,0517,0538,0557,0612,,0615,0625,0634,0637,0642,0645,0650,0654,,0659,,,0706,0711,,0715,,,,0722,0725,0730,,,0735,0738,0743,,0747,0749,0753,,0757,0759,0802,,0804,,0806,0809,0811,0814,,,0817,0819,,0825,,0827,0830,0832,,0835,,0837,0840,0842,0845,,0847,0850,0852,,,,0856,0858,0901,,,0903,,,,0905,0908,0910,,,0913,,0915,,,0918,,0920,0922,,,,0925,0928,,,0931,,,0935,0938,,,,0943,,0946,0949,,,0952,,,0955,1002,,,,1008,,,1013,1018,1022,,,,1030,1033,,1035,1039,,,1044,,1052,,,1059,,1106,,,1114,,1123,,,1129,1136,,,1144,,1152,,,1159,,1207,,,1214,,1223,,,1229,1236,,,1244,,1252,,,1259,,1307,,,1314,,1323,,,1330,1336,,,1344,,1352,,,1358,,1408,,,1415,,1424,,1429,,1436,,,1445,,1452,,,1459,,1508,,,1514,1521,,,1529,,1536,,,1544,,1552,,,1558,,1608,,1613,,1619,,1623,,1628,,,1634,1638,1643,,,1648,1651,,1654,1657,1700,,1706,1708,,1711,1714,,1718,1720,,1723,,1729,,1734,,1738,1741,1744,,1747,,1753,1756,1801,,,1806,1809,,1811,,,1818,1821,,1824,1826,,,1829,1833,,1836,,,1841,1844,,1847,1850,,,1853,1857,,1900,1903,,,,,,1908,1911,,1917,,,1924,,,1928,,,1931,,,1935,,,1941,,,1946,1948,1952,,1955,,1959,2004,,,,2012,,,,2017,2022,,,2024,2029,2033,,,,2038,2043,,2050,,2053,,2059,,,,,2104,2108,2113,,2116,2120,,2127,2133,,2137,,2144,,2148,,2154,,2205,,2208,,2218,2225,2234,,2246,,2300,,2312,2319,2326,,2339,,2354,,,0009,0016,0024,0031,,0045,0051,,,,,
吉祥寺_吉祥寺,発,0453,0519,0540,0600,0615,,0617,0627,0636,0639,0644,0647,0653,0657,,0701,,,0708,0713,,0717,,,,0724,0727,0732,,,0737,0741,0745,,0749,0751,0755,,0759,0801,0804,,0806,,0809,0811,0814,0816,,,0819,0822,,0827,,0829,0832,0834,,0837,,0840,0842,0845,0847,,0850,0852,0855,,,,0858,0900,0903,,,0905,,,,0908,0910,0913,,,0915,,0918,,,0920,,0922,0925,,,,0927,0931,,,0934,,,0938,0941,,,,0946,,0948,0951,,,0955,,,0958,1004,,,,1011,,,1016,1020,1024,,,,1032,1035,,1038,1041,,,1047,,1054,,,1101,,1109,,,1117,,1125,,,1132,1139,,,1147,,1154,,,1202,,1209,,,1217,,1226,,,1232,1239,,,1247,,1254,,,1302,,1310,,,1317,,1326,,,1332,1339,,,1347,,1354,,,1401,,1410,,,1417,,1427,,1432,,1439,,,1447,,1454,,,1501,,1511,,,1517,1524,,,1532,,1539,,,1547,,1554,,,1600,,1610,,1615,,1621,,1625,,1630,,,1636,1641,1646,,,1650,1653,,1656,1659,1703,,1708,1710,,1713,1717,,1720,1723,,1726,,1732,,1737,,1741,1743,1746,,1750,,1756,1759,1803,,,1808,1811,,1814,,,1821,1823,,1826,1829,,,1832,1835,,1838,,,1844,1846,,1849,1852,,,1856,1859,,1903,1906,,,,,,1910,1913,,1919,,,1926,,,1930,,,1934,,,1937,,,1943,,,1948,1951,1955,,1958,,2002,2007,,,,2015,,,,2020,2024,,,2026,2031,2035,,,,2040,2045,,2052,,2056,,2101,,,,,2106,2111,2115,,2118,2122,,2129,2135,,2139,,2146,,2150,,2156,,2207,,2211,,2220,2227,2236,,2248,,2302,,2314,2321,2328,,2341,,2356,,,0011,0018,0026,0033,,0047,0053,,,,,
三鷹_三鷹,発,0455,0522,0543,0602,0617,,0619,0630,0638,0641,0647,0650,0655,0659,,0703,,,0711,0716,,0720,,,,0726,0729,0734,,,0740,0743,0747,,0751,0754,0757,,0801,0804,0806,,0809,,0811,0813,0816,0819,,,0821,0824,,0829,,0832,0834,0837,,0839,,0842,0845,0847,0850,,0852,0855,0857,,,,0900,0903,0905,,,0908,,,,0910,0912,0915,,,0917,,0920,,,0922,,0925,0927,,,,0930,0933,,,0936,,,0940,0943,,,,0948,,0951,0953,,,0957,,,1000,1006,,,,1013,,,1018,1022,1026,,,,1034,1037,,1040,1043,,,1049,,1057,,,1103,,1111,,,1119,,1127,,,1134,1141,,,1149,,1156,,,1204,,1211,,,1219,,1228,,,1234,1241,,,1249,,1256,,,1304,,1312,,,1319,,1328,,,1334,1341,,,1349,,1356,,,1403,,1412,,,1419,,1429,,1434,,1441,,,1449,,1457,,,1503,,1513,,,1519,1526,,,1534,,1541,,,1549,,1557,,,1602,,1613,,1617,,1623,,1627,,1633,,,1639,1643,1648,,,1653,1655,,1658,1702,1705,,1710,1713,,1715,1719,,1723,1725,,1728,,1734,,1739,,1743,1745,1748,,1752,,1758,1801,1806,,,1810,1814,,1816,,,1823,1826,,1828,1831,,,1834,1838,,1841,,,1846,1848,,1852,1855,,,1858,1902,,1905,1908,,,,,,1912,1915,,1922,,,1928,,,1932,,,1936,,,1940,,,1945,,,1951,1953,1957,,2000,,2004,2009,,,,2017,,,,2022,2026,,,2029,2033,2038,,,,2043,2047,,2055,,2058,,2104,,,,,2109,2113,2118,,2120,2124,,2132,2138,,2142,,2149,,2153,,2158,,2210,,2213,,2223,2230,2238,,2251,,2304,,2317,2324,2331,,2344,,2358,,,0014,0020,0028,0035,,0050,0056,,,,,
