列車番号,,426E,520E,570E,408E,534E,484E,646E,9568E,568E,580E,654E,9522E,522E,540E,710E,9582E,582E,616E,612E,602E,2762M,648E,618E,632E,620E,676E,626E,628E,8066M,9066M,706E,714E,9554M,742E,764E,708E,760E,770E,2632M,9722M,874E,866E,846E,880E,884E,982E,822E,868E,910E,954E,948E,940E,904E,916E,1012E,1018E,1042E,1032E,1026E,1108E,1170E,1106E,1146E,1164E,1284E,1160E,9712M,1268E,1266E,1254E,1280E,1340E,1282E,1316E,9034M,1310E,1318E,9523M,9523M,1348E,1432E,1304E,1408E,1412E,9523M,1406E,1442E,1564E,1426E,1560E,1570E,1566E,1546E,9490M,9430M,1680E,1602E,2766M,1584E,9024M,1640E,9490M,1668E,1774E,1616E,1654E,9022M,1628E,1820E,9026M,1718E,1682E,1710E,2638M,1732E,1748E,1708E,1842E,1704E,1806E,1812E,1826E,1850E,1864E,2640M,1870E,1902E,2768M,1946E,1860E,1940E,1966E,1974E,1984E,2028E,1968E,9522M,2016E,2082E,2054E,2020E,2142E,2110E,2148E,2132E,2250E,2106E,2212E,2264E,2270E,2260E,2328E,2374E
列車名_列車名,,普通_普通,普通_普通,普通_普通,普通_普通,普通_普通,普通_普通,普通_普通,普通_普通,普通_普通,普通_普通,普通_普通,普通_普通,普通_普通,普通_普通,普通_普通,普通_普通,普通_普通,普通_普通,普通_普通,普通 しもうさ号_普通 しもうさ号,普通 しもうさ号_普通 しもうさ号,普通_普通,普通_普通,普通_普通,普通_普通,普通_普通,普通_普通,普通_普通,特急 鎌倉_特急 鎌倉,特急 武蔵野線５０周年鎌倉号_特急 武蔵野線５０周年鎌倉号,普通_普通,普通_普通,特急 開運高尾山初詣群馬号_特急 開運高尾山初詣群馬号,普通_普通,普通_普通,普通_普通,普通_普通,普通_普通,普通 むさしの号_普通 むさしの号,特急 氏家雛めぐり号_特急 氏家雛めぐり号,普通_普通,普通_普通,普通_普通,普通_普通,普通_普通,普通_普通,普通_普通,普通_普通,普通_普通,普通_普通,普通_普通,普通_普通,普通_普通,普通_普通,普通_普通,普通_普通,普通_普通,普通_普通,普通_普通,普通_普通,普通_普通,普通_普通,普通_普通,普通_普通,普通_普通,普通_普通,特急 マリンきぬがわ_特急 マリンきぬがわ,普通_普通,普通_普通,普通_普通,普通_普通,普通_普通,普通_普通,普通_普通,特急 ゆけむり草津・四万_特急 ゆけむり草津・四万,普通_普通,普通_普通,特急 きらきら足利イルミ_特急 きらきら足利イルミ,特急 きらきら足利イルミ_特急 きらきら足利イルミ,普通_普通,普通_普通,普通_普通,普通_普通,普通_普通,特急 きらきら足利イルミ_特急 きらきら足利イルミ,普通_普通,普通_普通,普通_普通,普通_普通,普通_普通,普通_普通,普通_普通,普通_普通,特急 開運成田山初詣武蔵野号_特急 開運成田山初詣武蔵野号,特急 開運成田山初詣栃木号_特急 開運成田山初詣栃木号,普通_普通,普通 しもうさ号_普通 しもうさ号,普通 しもうさ号_普通 しもうさ号,普通_普通,特急 冬満喫ひたち巡り旅号_特急 冬満喫ひたち巡り旅号,普通_普通,特急 開運成田山初詣群馬号_特急 開運成田山初詣群馬号,普通_普通,普通_普通,普通_普通,普通_普通,特急 水戸偕楽園高尾号_特急 水戸偕楽園高尾号,普通_普通,普通_普通,特急 冬を満喫！海浜公園号_特急 冬を満喫！海浜公園号,普通_普通,普通_普通,普通_普通,普通 むさしの号_普通 むさしの号,普通_普通,普通_普通,普通_普通,普通_普通,普通_普通,普通_普通,普通_普通,普通_普通,普通_普通,普通_普通,普通 むさしの号_普通 むさしの号,普通_普通,普通 しもうさ号_普通 しもうさ号,普通 しもうさ号_普通 しもうさ号,普通_普通,普通_普通,普通_普通,普通_普通,普通_普通,普通_普通,普通_普通,普通_普通,特急 ときめき足利イルミ_特急 ときめき足利イルミ,普通_普通,普通_普通,普通_普通,普通_普通,普通_普通,普通_普通,普通_普通,普通_普通,普通_普通,普通_普通,普通_普通,普通_普通,普通_普通,普通_普通,普通_普通,普通_普通
設備,,_,_,_,_,_,_,_,_,_,_,_,_,_,_,_,_,_,_,_,_,_,_,_,_,_,_,_,_,普通車全車指定席___,普通車全車指定席___,_,_,グリーン車指定席_普通車全車指定席____,_,_,_,_,_,_,普通車全車指定席___,_,_,_,_,_,_,_,_,_,_,_,_,_,_,_,_,_,_,_,_,_,_,_,_,_,_,普通車全車指定席___,_,_,_,_,_,_,_,普通車全車指定席___,_,_,普通車全車指定席___,普通車全車指定席___,_,_,_,_,_,普通車全車指定席___,_,_,_,_,_,_,_,_,普通車全車指定席___,グリーン車指定席_普通車全車指定席____,_,_,_,_,グリーン車指定席_普通車全車指定席____,_,グリーン車指定席_普通車全車指定席____,_,_,_,_,グリーン車指定席_普通車全車指定席____,_,_,グリーン車指定席_普通車全車指定席____,_,_,_,_,_,_,_,_,_,_,_,_,_,_,_,_,_,_,_,_,_,_,_,_,_,_,普通車全車指定席___,_,_,_,_,_,_,_,_,_,_,_,_,_,_,_,_
運転日,,土休日,土休日,土休日,全日,土休日,土休日,土休日,1月1日運転__◆_1月1日運転_,1月1日は運休__◆_1月1日は運休_,土休日,土休日,1月1日運転__◆_1月1日運転_,1月1日は運休__◆_1月1日は運休_,土休日,土休日,1月1日運転__◆_1月1日運転_,1月1日は運休__◆_1月1日は運休_,土休日,土休日,土休日,土休日,土休日,土休日,土休日,土休日,土休日,土休日,土休日,11月23日・12月2・9日・1月6・7・13・20・27日・2月3・10・11・17・23・24日運転__◆_11月23日・12月2・9日・1月6・7・13・20・27日・2月3・10・11・17・23・24日運転_,11月25日運転__◆_11月25日運転_,土休日,土休日,1月6・7日運転__◆_1月6・7日運転_,土休日,土休日,土休日,土休日,土休日,土休日,2月3日運転__◆_2月3日運転_,土休日,土休日,土休日,土休日,土休日,土休日,土休日,土休日,土休日,土休日,土休日,土休日,土休日,土休日,土休日,土休日,土休日,土休日,土休日,土休日,土休日,土休日,土休日,土休日,全日,土休日,2月17日運転__◆_2月17日運転_,土休日,土休日,土休日,土休日,土休日,土休日,土休日,1月28日運転__◆_1月28日運転_,土休日,土休日,1月13・20・27日・2月10・11日運転__◆_1月13・20・27日・2月10・11日運転_,11月26日運転__◆_11月26日運転_,土休日,土休日,土休日,土休日,土休日,12月16・23日運転__◆_12月16・23日運転_,全日,土休日,土休日,土休日,土休日,土休日,土休日,土休日,1月8日運転__◆_1月8日運転_,1月6・7日運転__◆_1月6・7日運転_,土休日,土休日,土休日,土休日,12月9日運転__◆_12月9日運転_,土休日,1月13・14日運転__◆_1月13・14日運転_,土休日,土休日,土休日,土休日,2月23～25日運転__◆_2月23～25日運転_,土休日,土休日,12月23・24日運転__◆_12月23・24日運転_,土休日,土休日,土休日,土休日,土休日,土休日,土休日,土休日,土休日,土休日,土休日,土休日,土休日,土休日,土休日,土休日,土休日,土休日,土休日,土休日,土休日,土休日,土休日,土休日,土休日,土休日,12月16・23日運転__◆_12月16・23日運転_,土休日,土休日,土休日,土休日,土休日,土休日,土休日,土休日,土休日,土休日,土休日,土休日,土休日,土休日,土休日,土休日
前の区間,,,,,,,,,,,,,,,,,,,,,,,,↑,,,↑,,↑,,,,↑,↑,,↑,,,↑,,,,↑,,,↑,,,↑,,↑,,↑,,↑,,↑,,↑,↑,,,↑,,↑,,↑,,,↑,,↑,,↑,,↑,↑,,,,↑,,↑,,↑,,,↑,,↑,,↑,,↑,↑,↑,,,,↑,↑,,↑,↑,,,↑,↑,,,↑,,↑,↑,,,↑,,,↑,,↑,,,↑,,,,,,↑,,↑,,↑,,↑,↑,↑,,↑,↑,,↑,,↑,,↑,↑,↑,↑,↑,,↑
始発,,___,___,___,___,___,___,___,___,___,___,___,___,___,___,___,___,___,___,___,___,___,___,東京_0616_東京_0616,___,___,東京_0634_東京_0634,___,東京_0649_東京_0649,___,___,___,東京_0701_東京_0701,高崎_0722_高崎_0722,___,東京_0719_東京_0719,___,___,東京_0741_東京_0741,___,___,___,東京_0801_東京_0801,___,___,東京_0825_東京_0825,___,___,東京_0849_東京_0849,___,東京_0906_東京_0906,___,東京_0925_東京_0925,___,東京_0947_東京_0947,___,東京_1006_東京_1006,___,東京_1025_東京_1025,東京_1038_東京_1038,___,___,東京_1106_東京_1106,___,東京_1125_東京_1125,___,東京_1148_東京_1148,___,___,東京_1206_東京_1206,___,東京_1225_東京_1225,___,東京_1248_東京_1248,___,長野原草津口_1205_長野原草津口_1205,東京_1306_東京_1306,___,___,___,東京_1324_東京_1324,___,東京_1349_東京_1349,___,東京_1406_東京_1406,___,___,東京_1425_東京_1425,___,東京_1448_東京_1448,___,東京_1506_東京_1506,___,東京_1525_東京_1525,成田_1528_成田_1528,成田_1527_成田_1527,___,___,___,東京_1548_東京_1548,日立_1507_日立_1507,___,成田_1557_成田_1557,東京_1607_東京_1607,___,___,東京_1624_東京_1624,勝田_1607_勝田_1607,___,___,勝田_1624_勝田_1624,___,東京_1650_東京_1650,東京_1707_東京_1707,___,___,東京_1724_東京_1724,___,___,東京_1747_東京_1747,___,東京_1809_東京_1809,___,___,東京_1832_東京_1832,___,___,___,___,___,東京_1855_東京_1855,___,東京_1921_東京_1921,___,東京_1940_東京_1940,___,東京_1958_東京_1958,足利_1925_足利_1925,東京_2010_東京_2010,___,東京_2027_東京_2027,東京_2043_東京_2043,___,東京_2103_東京_2103,___,東京_2131_東京_2131,___,東京_2149_東京_2149,東京_2208_東京_2208,東京_2223_東京_2223,東京_2237_東京_2237,東京_2257_東京_2257,___,東京_2333_東京_2333
海浜幕張_海浜幕張,発,,,,,,,,0505,,,,0530,,,,0548,,,,,,,・,,,・,0658,・,,,,・,・,,・,0738,,・,,0800,0805,・,0821,,・,,0854,・,0913,・,,・,,・,,・,,・,・,,,・,,・,,・,1211,,・,,・,,・,,・,・,,,,・,,・,,・,,,・,,・,,・,,・,・,・,,,,・,・,,・,・,,,・,・,1652,,・,1704,・,・,,1727,・,1746,,・,1810,・,,,・,,1858,,,1912,・,,・,,・,,・,・,・,2035,・,・,,・,,・,,・,・,・,・,・,,・
幕張豊砂_幕張豊砂,発,,,,,,,,0507,,,,0533,,,,0551,,,,,,,・,,,・,0700,・,,,,・,・,,・,0741,,・,,レ,0808,・,0824,,・,,0857,・,0915,・,,・,,・,,・,,・,・,,,・,,・,,・,レ,,・,,・,,・,,・,・,,,,・,,・,,・,,,・,,・,,・,,・,・,・,,,,・,・,,・,・,,,・,・,1655,,・,1707,・,・,,1730,・,1749,,・,1813,・,,,・,,1900,,,1914,・,,・,,・,,・,・,・,2037,・,・,,・,,・,,・,・,・,・,・,,・
新習志野_新習志野,発,,,,,,,,0511,0511,0526,,0536,0536,0546,,0554,0554,,0614,0619,,,・,,,・,0703,・,,,,・,・,,・,0743,0751,・,,レ,0810,・,0827,,・,,0859,・,0918,・,,・,0957,・,,・,,・,・,,,・,,・,,・,レ,,・,,・,,・,,・,・,,,,・,,・,,・,,,・,,・,,・,,・,・,・,,1601,,・,・,,・,・,,,・,・,1657,,・,1709,・,・,,1732,・,1751,,・,1815,・,,1844,・,,1903,,,1917,・,,・,,・,,・,・,・,2040,・,・,,・,,・,,・,・,・,・,・,,・
南船橋_南船橋,発,,,,,,,,0514,0514,0529,,0539,0539,0549,,0557,0557,0607,0617,0622,,0629,・,0642,,・,0705,・,,,0718,・,・,0732,・,0746,0754,・,,レ,0813,・,0829,0839,・,,0902,・,0921,・,0941,・,1000,・,1020,・,1040,・,・,1109,1120,・,1140,・,1200,・,レ,1220,・,1240,・,1300,・,1320,・,・,1340,,,・,1400,・,1420,・,,1440,・,1500,・,1520,・,1540,・,・,・,1600,1604,,・,・,1620,・,・,,1641,・,・,1700,,・,1712,・,・,,1735,・,1754,1801,・,1818,・,1835,1847,・,,1906,,,1920,・,1936,・,1955,・,2011,・,・,・,2042,・,・,2117,・,2142,・,2207,・,・,・,・,・,2336,・
西船橋_西船橋,発,,,,,,0459,,0519,0519,0535,,0545,0545,0554,,0603,0603,0613,0622,0628,,0634,0644,0651,0657,0703,0711,0717,,,0726,0733,・,0740,0748,0754,0802,0810,,0815,0819,0829,0836,0845,0854,0902,0908,0917,0926,0936,0947,0956,1006,1016,1026,1036,1046,1056,1106,1116,1126,1136,1146,1156,1206,1217,1223,1226,1236,1246,1256,1306,1317,1326,・,1336,1346,1350,,1356,1406,1417,1426,1436,1440,1446,1456,1506,1517,1526,1536,1546,1556,・,・,1606,1612,,1617,・,1626,・,1637,,1649,1658,・,1708,,・,1718,1727,1736,,1745,1753,1801,1807,1816,1826,1837,1844,1852,1902,,1912,1920,,1926,1934,1942,1951,2000,2009,2017,2027,・,2038,2048,2059,2112,2123,2135,2147,2159,2213,2221,2237,2252,2306,2326,2341,0002
船橋法典_船橋法典,発,,,,,,0502,,0523,0523,0538,,0548,0548,0558,,0607,0607,0616,0626,0631,,0638,0647,0654,0700,0707,0715,0720,,,0729,0736,・,0743,0751,0758,0806,0813,,レ,0823,0833,0839,0848,0857,0906,0912,0921,0930,0939,0950,0959,1009,1019,1029,1039,1049,1059,1109,1119,1129,1139,1149,1159,1209,1220,レ,1229,1239,1249,1259,1309,1320,1329,・,1339,1349,レ,,1359,1409,1421,1429,1439,レ,1449,1459,1509,1520,1529,1539,1549,1600,・,・,1610,1615,,1621,・,1630,・,1640,,1653,1702,・,1711,,・,1721,1730,1739,,1748,1757,1804,1811,1819,1829,1840,1847,1856,1906,,1915,1923,,1929,1938,1946,1954,2004,2012,2020,2030,・,2042,2052,2102,2115,2126,2138,2151,2203,2216,2225,2240,2255,2309,2329,2345,0005
市川大野_市川大野,発,,,,,,0505,,0526,0526,0541,,0551,0551,0601,,0610,0610,0619,0629,0634,,0641,0650,0657,0703,0710,0718,0723,,,0732,0739,・,0746,0754,0801,0809,0816,,レ,0826,0836,0842,0851,0900,0909,0915,0924,0933,0942,0953,1002,1012,1022,1032,1042,1052,1102,1112,1122,1132,1142,1152,1202,1212,1223,レ,1232,1242,1252,1302,1312,1323,1332,・,1342,1352,レ,,1402,1412,1424,1432,1442,レ,1452,1502,1512,1523,1532,1542,1552,1603,・,・,1613,1618,,1624,・,1633,・,1643,,1656,1705,・,1714,,・,1724,1733,1742,,1751,1800,1807,1814,1822,1832,1843,1850,1859,1909,,1918,1926,,1932,1941,1949,1957,2007,2015,2023,2033,・,2045,2055,2105,2118,2129,2141,2154,2206,2219,2228,2243,2258,2312,2332,2348,0008
東松戸_東松戸,発,,,,,,0507,,0528,0528,0543,,0554,0554,0603,,0612,0612,0621,0631,0637,,0643,0653,0659,0706,0712,0720,0726,,,0735,0742,・,0749,0756,0803,0811,0818,,レ,0828,0838,0844,0853,0902,0911,0917,0926,0935,0945,0956,1005,1015,1025,1035,1045,1055,1105,1115,1125,1135,1145,1155,1205,1215,1226,レ,1235,1245,1255,1305,1315,1326,1335,・,1345,1355,レ,,1405,1415,1426,1435,1445,レ,1455,1505,1515,1526,1535,1545,1555,1605,・,・,1615,1621,,1626,・,1635,・,1646,,1658,1707,・,1717,,・,1726,1735,1745,,1753,1802,1810,1816,1824,1835,1846,1853,1901,1911,,1921,1929,,1935,1943,1951,2000,2009,2017,2025,2035,・,2047,2057,2107,2121,2132,2144,2156,2208,2221,2230,2245,2301,2315,2334,2350,0010
新八柱_新八柱,発,,,,,,0510,,0531,0531,0546,,0556,0556,0606,,0615,0615,0624,0634,0639,,0646,0655,0702,0708,0715,0723,0728,,,0737,0744,・,0751,0759,0806,0814,0821,,レ,0831,0841,0847,0856,0905,0914,0920,0929,0938,0947,0958,1007,1017,1027,1037,1047,1057,1107,1117,1127,1137,1147,1157,1207,1217,1228,レ,1237,1247,1257,1307,1317,1328,1337,・,1347,1357,レ,,1407,1417,1429,1437,1447,レ,1457,1507,1517,1528,1537,1547,1557,1608,・,・,1618,1623,,1629,・,1638,・,1648,,1701,1710,・,1719,,・,1729,1738,1747,,1756,1805,1812,1819,1827,1837,1848,1855,1904,1914,,1923,1931,,1937,1946,1954,2002,2012,2020,2028,2038,・,2050,2100,2110,2123,2134,2146,2159,2211,2224,2233,2248,2303,2317,2337,2353,0013
新松戸_新松戸,発,,,,,,0514,,0535,0535,0550,,0601,0601,0610,,0619,0619,0628,0638,0644,,0650,0700,0706,0713,0719,0727,0733,,,0742,0750,・,0757,0803,0810,0818,0825,,0829,0835,0845,0851,0900,0909,0918,0924,0933,0942,0952,1003,1012,1022,1032,1042,1052,1102,1112,1122,1132,1142,1152,1202,1212,1222,1232,1237,1242,1252,1302,1312,1322,1332,1342,・,1352,1402,1406,,1412,1422,1433,1442,1452,1456,1502,1512,1522,1532,1542,1552,1602,1612,・,・,1622,1628,,1633,・,1643,・,1653,,1705,1714,・,1724,,・,1733,1742,1751,,1800,1809,1817,1823,1831,1842,1853,1900,1908,1918,,1928,1936,,1942,1950,1958,2007,2016,2024,2032,2042,・,2054,2104,2114,2128,2139,2150,2203,2215,2228,2237,2252,2308,2322,2341,2357,0018
我孫子_我孫子,発,,,,,,||,,||,||,||,,||,||,||,,||,||,||,||,||,,||,||,||,||,||,||,||,,,||,||,・,||,||,||,||,||,,||,||,||,||,||,||,||,||,||,||,||,||,||,||,||,||,||,||,||,||,||,||,||,||,||,||,||,||,||,||,||,||,||,||,||,・,||,||,||,,||,||,||,||,||,||,||,||,||,||,||,||,||,||,レ,レ,||,||,,||,レ,||,レ,||,,||,||,レ,||,,レ,||,||,||,,||,||,||,||,||,||,||,||,||,||,,||,||,,||,||,||,||,||,||,||,||,・,||,||,||,||,||,||,||,||,||,||,||,||,||,||,||,||
柏_柏,発,,,,,,||,,||,||,||,,||,||,||,,||,||,||,||,||,,||,||,||,||,||,||,||,,,||,||,・,||,||,||,||,||,,||,||,||,||,||,||,||,||,||,||,||,||,||,||,||,||,||,||,||,||,||,||,||,||,||,||,||,||,||,||,||,||,||,||,||,・,||,||,||,,||,||,||,||,||,||,||,||,||,||,||,||,||,||,レ,レ,||,||,,||,レ,||,レ,||,,||,||,レ,||,,レ,||,||,||,,||,||,||,||,||,||,||,||,||,||,,||,||,,||,||,||,||,||,||,||,||,・,||,||,||,||,||,||,||,||,||,||,||,||,||,||,||,||
南流山_南流山,発,,,,,,0516,,0537,0537,0553,,0603,0603,0612,,0621,0621,0631,0640,0646,,0652,0702,0709,0715,0721,0729,0735,,,0745,0752,・,0759,0805,0812,0820,0827,,レ,0837,0847,0853,0903,0911,0920,0926,0935,0944,0954,1005,1014,1024,1034,1044,1054,1104,1114,1124,1134,1144,1154,1204,1214,1224,1235,レ,1244,1254,1304,1314,1324,1335,1344,・,1354,1404,1410,,1414,1424,1435,1444,1454,1500,1504,1514,1524,1535,1544,1554,1604,1614,レ,レ,1624,1630,,1635,レ,1645,レ,1655,,1707,1716,レ,1726,,レ,1735,1744,1754,,1803,1811,1820,1825,1833,1844,1855,1902,1910,1920,,1930,1938,,1944,1952,2000,2009,2018,2026,2034,2044,・,2056,2106,2116,2130,2141,2153,2205,2217,2230,2239,2254,2310,2324,2344,2359,0020
三郷_三郷,発,,,,,,0519,,0540,0540,0555,,0605,0605,0615,,0624,0624,0633,0643,0648,,0655,0704,0711,0717,0724,0731,0737,,,0747,0754,・,0801,0808,0815,0823,0830,,レ,0839,0849,0856,0905,0914,0923,0929,0937,0947,0956,1007,1016,1026,1036,1046,1056,1106,1116,1126,1136,1146,1156,1206,1216,1226,1237,レ,1246,1256,1306,1316,1326,1337,1346,・,1356,1406,レ,,1416,1426,1437,1446,1456,レ,1506,1516,1526,1537,1546,1556,1606,1617,レ,レ,1627,1632,,1638,レ,1647,レ,1657,,1709,1719,レ,1728,,レ,1738,1747,1756,,1805,1813,1822,1828,1836,1846,1857,1905,1913,1923,,1932,1940,,1946,1955,2003,2012,2021,2029,2037,2047,・,2058,2108,2119,2132,2143,2155,2208,2220,2233,2241,2257,2312,2327,2346,0002,0022
新三郷_新三郷,発,,,,,,0521,,0542,0542,0557,,0608,0608,0617,,0626,0626,0635,0645,0651,,0657,0707,0713,0720,0726,0734,0740,,,0749,0757,・,0804,0810,0817,0825,0832,,レ,0842,0852,0858,0907,0916,0925,0931,0940,0949,0959,1010,1019,1029,1039,1049,1059,1109,1119,1129,1139,1149,1159,1209,1219,1229,1240,レ,1249,1259,1309,1319,1329,1340,1349,・,1359,1409,レ,,1419,1429,1440,1449,1459,レ,1509,1519,1529,1540,1549,1559,1609,1619,レ,レ,1629,1635,,1640,レ,1650,レ,1700,,1712,1721,レ,1731,,レ,1740,1749,1759,,1807,1816,1824,1830,1838,1849,1900,1907,1915,1925,,1935,1943,,1949,1957,2005,2014,2023,2031,2039,2049,・,2101,2111,2121,2135,2146,2158,2210,2222,2235,2244,2259,2315,2329,2348,0004,0025
吉川美南_吉川美南,発,,,,,,0523,,0544,0544,0559,,0610,0610,0619,,0628,0628,0637,0647,0653,,0659,0709,0715,0722,0728,0736,0742,0748,0748,0751,0759,・,0806,0812,0819,0827,0834,,0838,0844,0854,0900,0909,0919,0927,0933,0942,0951,1001,1012,1021,1031,1041,1051,1101,1111,1121,1131,1141,1151,1201,1211,1221,1231,1242,1246,1251,1301,1311,1321,1331,1342,1351,・,1401,1411,1416,1415,1421,1431,1442,1451,1501,1506,1511,1521,1531,1542,1551,1601,1611,1621,レ,レ,1631,1637,,1642,1647,1652,レ,1702,,1714,1723,1727,1733,,1738,1742,1751,1801,,1809,1818,1827,1832,1840,1851,1902,1909,1917,1927,,1937,1945,,1951,1959,2007,2016,2025,2033,2041,2051,・,2103,2113,2123,2137,2148,2200,2212,2224,2237,2246,2301,2317,2331,2350,0006,0027
吉川_吉川,発,,,,,,0525,,0546,0546,0601,,0612,0612,0621,,0630,0630,0639,0649,0655,,0701,0711,0717,0724,0730,0738,0744,レ,レ,0753,0801,・,0808,0814,0821,0829,0836,,レ,0846,0856,0902,0911,0922,0929,0935,0944,0953,1003,1014,1023,1033,1043,1053,1103,1113,1123,1133,1143,1153,1203,1213,1223,1233,1244,レ,1253,1303,1313,1323,1333,1344,1353,・,1403,1413,レ,レ,1423,1433,1444,1453,1503,レ,1513,1523,1533,1544,1553,1603,1613,1623,レ,レ,1633,1639,,1644,レ,1654,レ,1704,,1716,1725,レ,1735,,レ,1744,1753,1803,,1811,1820,1829,1834,1842,1853,1904,1911,1919,1929,,1939,1947,,1953,2001,2009,2018,2027,2035,2043,2053,・,2105,2115,2125,2139,2150,2202,2214,2226,2239,2248,2303,2319,2333,2352,0008,0029
越谷レイクタウン_越谷レイクタウン,発,,,,,,0528,,0549,0549,0604,,0614,0614,0624,,0633,0633,0642,0652,0657,,0704,0713,0720,0726,0733,0740,0746,レ,レ,0756,0803,・,0810,0817,0824,0832,0839,,レ,0848,0858,0905,0914,0924,0932,0938,0946,0956,1005,1016,1025,1035,1045,1055,1105,1115,1125,1135,1145,1155,1205,1215,1225,1235,1246,レ,1255,1305,1315,1325,1335,1346,1355,・,1405,1415,レ,レ,1425,1435,1446,1455,1505,レ,1515,1525,1535,1546,1555,1605,1615,1626,レ,レ,1636,1641,,1647,レ,1656,レ,1706,,1718,1728,レ,1737,,レ,1747,1756,1805,,1814,1822,1831,1837,1845,1856,1906,1914,1922,1932,,1941,1949,,1955,2004,2012,2021,2030,2038,2046,2056,・,2107,2117,2128,2141,2152,2204,2217,2229,2242,2250,2306,2321,2336,2355,0011,0031
南越谷_南越谷,発,,,,0458,0515,0531,,0552,0552,0607,,0617,0617,0627,,0636,0636,0645,0655,0700,,0707,0716,0723,0729,0736,0744,0749,0755,0755,0759,0806,・,0814,0820,0827,0835,0842,,0846,0852,0902,0908,0917,0927,0935,0941,0950,0959,1008,1019,1028,1038,1048,1058,1108,1118,1128,1138,1148,1158,1208,1218,1228,1238,1249,レ,1258,1308,1318,1328,1338,1349,1358,・,1408,1418,1423,1423,1428,1438,1450,1458,1508,1513,1518,1528,1538,1549,1558,1608,1618,1629,レ,1635,1639,1644,,1650,1654,1700,レ,1709,,1722,1731,1735,1741,,1745,1750,1759,1808,,1817,1826,1835,1840,1848,1859,1910,1917,1925,1935,,1945,1952,,1958,2007,2015,2024,2033,2041,2049,2059,・,2111,2121,2131,2144,2155,2207,2220,2232,2245,2254,2309,2326,2339,2358,0016,0034
東川口_東川口,発,,,,0501,0518,0535,,0556,0556,0611,,0621,0621,0631,,0640,0640,0649,0659,0704,,0711,0720,0727,0733,0740,0747,0753,レ,レ,0803,0810,・,0818,0824,0831,0839,0846,,レ,0855,0905,0912,0921,0931,0939,0945,0953,1003,1012,1023,1032,1042,1052,1102,1112,1122,1132,1142,1152,1202,1212,1222,1232,1242,1253,レ,1302,1312,1322,1332,1342,1353,1402,・,1412,1422,レ,レ,1432,1442,1453,1502,1512,レ,1522,1532,1542,1553,1602,1612,1622,1633,レ,レ,1643,1648,,1654,レ,1703,レ,1713,,1725,1735,レ,1745,,レ,1754,1803,1812,,1821,1830,1839,1844,1852,1903,1914,1921,1929,1939,,1949,1956,,2002,2011,2019,2028,2037,2045,2053,2103,・,2114,2124,2135,2148,2159,2211,2224,2236,2249,2257,2313,2330,2343,0002,0020,0038
東浦和_東浦和,発,,,,0505,0522,0538,,0559,0559,0614,,0625,0625,0634,,0643,0643,0652,0702,0708,,0714,0724,0730,0737,0743,0751,0757,レ,レ,0806,0814,・,0821,0827,0834,0842,0849,,レ,0859,0909,0915,0924,0935,0942,0948,0957,1006,1016,1027,1036,1046,1056,1106,1116,1126,1136,1146,1156,1206,1216,1226,1236,1246,1257,レ,1306,1316,1326,1336,1346,1357,1406,・,1416,1426,レ,レ,1436,1446,1457,1506,1516,レ,1526,1536,1546,1557,1606,1616,1626,1636,レ,レ,1646,1652,,1657,レ,1707,レ,1717,,1729,1739,レ,1748,,レ,1758,1807,1816,,1824,1833,1842,1848,1856,1906,1917,1925,1932,1942,,1953,2000,,2006,2014,2022,2031,2041,2048,2057,2106,・,2118,2128,2138,2152,2203,2215,2227,2239,2253,2301,2316,2333,2346,0005,0023,0042
南浦和_南浦和,発,,,,0510,0529,0543,,0603,0603,0619,,0629,0629,0638,,0647,0647,0657,0706,0712,┐,0718,0728,0735,0741,0747,0755,0801,レ,レ,0811,0818,・,0826,0832,0838,0846,0854,,レ,0903,0913,0920,0929,0939,0948,0952,1001,1010,1020,1031,1040,1050,1100,1110,1120,1130,1140,1150,1200,1210,1220,1230,1240,1250,1301,1305,1310,1320,1330,1340,1350,1401,1410,・,1420,1430,1434,1435,1440,1450,1501,1510,1520,1524,1530,1540,1550,1601,1610,1620,1630,1640,レ,1646,1650,1656,┐,1701,1707,1711,レ,1721,,1733,1743,1748,1752,,1757,1802,1811,1820,,1829,1838,1847,1852,1900,1911,1921,1930,1937,1947,,1959,2005,┐,2010,2018,2026,2035,2045,2053,2102,2111,・,2122,2132,2143,2156,2207,2219,2231,2244,2259,2306,2321,2338,2350,0013,0032,0046
武蔵浦和_武蔵浦和,発,,,,0512,0532,0545,,0606,0606,0621,,0632,0632,0641,,0650,0650,0659,0709,0715,0715,0721,0731,0737,0744,0750,0758,0804,0808,0808,0813,0821,・,0828,0834,0841,0849,0856,,レ,0906,0916,0922,0931,0941,0950,0955,1004,1013,1023,1034,1043,1053,1103,1113,1123,1133,1143,1153,1203,1213,1223,1233,1243,1253,1303,レ,1313,1323,1333,1343,1353,1403,1413,・,1423,1433,レ,レ,1443,1453,1504,1513,1523,レ,1533,1543,1553,1603,1613,1623,1633,1643,レ,レ,1653,1659,1659,1704,レ,1714,レ,1724,,1736,1745,レ,1755,,レ,1804,1813,1822,,1832,1840,1849,1854,1903,1913,1924,1932,1940,1950,,2002,2007,2008,2013,2021,2029,2038,2047,2055,2104,2114,・,2125,2135,2145,2159,2210,2222,2234,2246,2301,2308,2323,2340,2353,0015,0035,0049
大宮_大宮,発,,,,||,||,||,,||,||,||,,||,||,||,,||,||,||,||,＝,0724,||,||,||,||,||,||,||,||,||,||,||,0831,||,||,||,||,||,0853,レ,||,||,||,||,||,||,||,||,||,||,||,||,||,||,||,||,||,||,||,||,||,||,||,||,||,||,レ,||,||,||,||,||,||,||,1409,||,||,1447,1447,||,||,||,||,||,1535,||,||,||,||,||,||,||,||,||,・,||,＝,1708,||,1724,||,・,||,,||,||,||,||,,・,||,||,||,1822,||,||,||,||,||,||,||,||,||,||,1952,||,＝,2016,||,||,||,||,||,||,||,||,2106,||,||,||,||,||,||,||,||,||,||,||,||,||,||,||,||
西浦和_西浦和,発,,,,0514,0534,0547,,0608,0608,0624,,0634,0634,0643,,0652,0652,0702,0711,,＝,0723,0733,0740,0746,0752,0800,0806,レ,レ,0816,0823,レ,0830,0836,0843,0851,0858,レ,・,0908,0918,0924,0934,0944,0952,0957,1006,1015,1025,1036,1045,1055,1105,1115,1125,1135,1145,1155,1205,1215,1225,1235,1245,1255,1306,・,1315,1325,1335,1345,1355,1406,1415,レ,1425,1435,・,・,1445,1455,1506,1515,1525,・,1535,1545,1555,1606,1615,1625,1635,1645,レ,・,1655,,＝,1706,＝,1716,・,1726,,1738,1748,レ,1757,,・,1807,1816,1825,レ,1834,1842,1851,1857,1905,1916,1926,1934,1942,1952,レ,2004,,＝,2015,2023,2031,2040,2050,2058,2106,2116,レ,2127,2137,2147,2201,2212,2224,2236,2248,2304,2311,2325,2342,2355,0017,0037,0051
北朝霞_北朝霞,発,,,,0519,0539,0552,,0613,0613,0628,,0639,0639,0648,,0657,0657,0706,0716,,,0728,0738,0744,0751,0757,0805,0811,0815,0815,0820,0828,レ,0835,0841,0848,0856,0903,0907,・,0913,0923,0929,0938,0948,0957,1002,1011,1020,1030,1041,1050,1100,1110,1120,1130,1140,1150,1200,1210,1220,1230,1240,1250,1300,1310,・,1320,1330,1340,1350,1400,1410,1420,1424,1430,1440,・,・,1450,1500,1511,1520,1530,・,1540,1550,1600,1610,1620,1630,1640,1650,レ,・,1700,,,1711,,1721,・,1731,,1743,1752,1757,1802,,・,1811,1820,1829,1834,1839,1847,1856,1901,1910,1920,1931,1939,1947,1957,2004,2009,,,2020,2028,2036,2045,2054,2102,2111,2121,2125,2132,2142,2152,2206,2217,2229,2241,2253,2308,2315,2330,2347,0000,0022,0042,0056
新座_新座,発,,,,0522,0542,0555,,0616,0616,0631,,0642,0642,0651,,0700,0700,0709,0719,,,0731,0741,0747,0754,0800,0808,0814,レ,レ,0823,0831,レ,0838,0844,0851,0859,0906,0911,・,0916,0926,0932,0941,0952,1000,1005,1014,1023,1033,1044,1053,1103,1113,1123,1133,1143,1153,1203,1213,1223,1233,1243,1253,1303,1314,・,1323,1333,1343,1353,1403,1414,1423,レ,1433,1443,・,・,1453,1503,1514,1523,1533,・,1543,1553,1603,1614,1623,1633,1643,1653,レ,・,1703,,,1714,,1724,・,1734,,1746,1756,レ,1805,,・,1815,1824,1833,1838,1842,1850,1859,1905,1913,1923,1934,1942,1950,2000,2008,2012,,,2023,2031,2039,2048,2058,2105,2114,2124,レ,2135,2145,2155,2209,2220,2232,2244,2256,2312,2318,2333,2350,0003,0025,0045,0059
東所沢_東所沢,発,0446,0501,0513,0527,0546,0600,0610,0620,0620,0636,0641,0646,0646,0655,0700,0704,0704,0714,0723,,,0735,0745,0752,0758,0804,0812,0819,レ,レ,0828,0835,レ,0843,0849,0855,0903,0911,0915,・,0920,0930,0937,0946,0956,1005,1010,1018,1027,1037,1048,1057,1107,1117,1127,1137,1147,1157,1207,1217,1227,1237,1247,1257,1307,1318,・,1327,1337,1347,1357,1407,1418,1427,レ,1437,1447,・,・,1457,1507,1518,1527,1537,・,1547,1557,1607,1618,1627,1637,1647,1657,レ,・,1707,,,1718,,1728,・,1738,1744,1750,1800,レ,1809,1814,・,1819,1828,1837,1842,1847,1855,1904,1909,1917,1928,1938,1947,1954,2004,2012,2017,,,2027,2035,2043,2052,2102,2110,2119,2128,レ,2139,2149,2200,2213,2224,2236,2248,2301,2316,2323,2338,2355,0008,0030,0050,0103
新秋津_新秋津,発,0449,0504,0516,0529,0549,0602,0613,0623,0623,0639,0644,0649,0649,0658,0703,0707,0707,0717,0726,,,0738,0748,0755,0801,0807,0815,0821,0826,0826,0831,0838,レ,0845,0851,0858,0906,0913,0918,・,0923,0933,0939,0949,0959,1008,＝,1021,1030,1040,1051,1100,1110,1120,1130,1140,1150,1200,1210,1220,1230,1240,1250,1300,1310,1321,・,1330,1340,1350,1400,1410,1421,1430,1435,1440,1450,・,・,1500,1510,1521,1530,1540,・,1550,1600,1610,1621,1630,1640,1650,1700,1705,・,1710,,,1721,,1731,・,1741,1747,1753,1803,1807,1812,1817,・,1822,1831,1840,1846,1849,1858,1906,1912,1920,1931,1941,1949,1957,2007,2015,2019,,,2030,2038,2046,2055,2105,2113,2121,2131,2137,2142,2152,2202,2216,2227,2239,2251,2303,＝,2326,2340,2357,＝,＝,＝,＝
新小平_新小平,発,0453,0508,0521,0534,0554,0607,0617,0628,0628,0643,0648,0654,0654,0703,0707,0712,0712,0721,0731,,,0743,0753,0759,0806,0812,0820,0826,レ,レ,0835,0843,レ,0850,0856,0903,0911,0918,0923,・,0928,0938,0944,0953,1004,1013,,1026,1035,1045,1056,1105,1115,1125,1135,1145,1155,1205,1215,1225,1235,1245,1255,1305,1315,1326,・,1335,1345,1355,1405,1415,1426,1435,レ,1445,1455,・,・,1505,1515,1526,1535,1545,・,1555,1605,1615,1626,1635,1645,1655,1705,レ,・,1715,,,1726,,1736,・,1746,1752,1758,1808,レ,1817,1822,・,1827,1836,1845,1851,1854,1903,1911,1917,1925,1935,1946,1954,2002,2012,2021,2024,,,2035,2043,2051,2100,2110,2117,2126,2136,レ,2147,2157,2207,2221,2232,2244,2256,2308,,2330,2345,0002,,,,
西国分寺_西国分寺,発,0457,0512,0525,0538,0557,0611,0621,0632,0632,0647,0652,0657,0657,0707,0711,0716,0716,0725,0735,,,0747,0756,0803,0809,0816,0824,0830,0834,0835,0839,0846,レ,0854,0900,0907,0915,0922,レ,・,0932,0942,0948,0957,1007,1016,,1030,1039,1048,1059,1108,1118,1128,1138,1148,1158,1208,1218,1228,1238,1248,1258,1308,1318,1329,・,1338,1348,1358,1408,1418,1429,1438,レ,1448,1458,・,・,1508,1518,1530,1538,1548,・,1558,1608,1618,1629,1639,1648,1658,1709,1714,・,1719,,,1730,,1740,・,1749,1756,1802,1811,レ,1821,1826,・,1830,1839,1848,レ,1858,1906,1915,1920,1928,1939,1950,1958,2006,2016,レ,2028,,,2038,2047,2055,2104,2113,2121,2130,2139,レ,2151,2201,2211,2225,2235,2248,2300,2312,,2334,2349,0006,,,,
北府中_北府中,発,0500,0515,0527,0540,0600,0613,0624,0634,0634,0650,0655,0700,0700,0709,0714,0718,0718,0728,0737,,,0749,0759,0806,0812,0818,0826,0832,レ,レ,0842,0849,・,0856,0902,0909,0917,0924,・,・,0934,0944,0950,1000,1010,1019,,1032,1041,1051,1102,1111,1121,1131,1141,1151,1201,1211,1221,1231,1241,1251,1301,1311,1321,1332,・,1341,1351,1401,1411,1421,1432,1441,・,1451,1501,・,・,1511,1521,1532,1541,1551,・,1601,1611,1621,1632,1642,1651,1701,1711,レ,・,1721,,,1732,,1742,・,1752,1759,1804,1814,・,1823,1828,・,1833,1842,1851,・,1900,1909,1917,1923,1931,1942,1952,2000,2008,2018,・,2030,,,2041,2049,2057,2106,2116,2124,2132,2142,・,2153,2203,2213,2227,2238,2250,2302,2314,,2337,2351,0008,,,,
府中本町_府中本町,着,0502,0517,0529,0543,0602,0616,0626,0636,0636,0652,0657,0702,0702,0711,0716,0720,0720,0730,0739,,,0751,0801,0808,0814,0820,0828,0835,レ,レ,0844,0851,・,0859,0905,0911,0919,0927,・,・,0936,0946,0953,1002,1012,1021,,1034,1043,1053,1104,1113,1123,1133,1143,1153,1203,1213,1223,1233,1243,1253,1303,1313,1323,1334,・,1343,1353,1403,1413,1423,1434,1443,・,1453,1503,・,・,1513,1523,1534,1543,1553,・,1603,1613,1623,1634,1644,1653,1703,1713,1719,・,1723,,,1734,,1744,・,1754,1801,1807,1816,・,1825,1830,・,1835,1844,1853,・,1903,1911,1920,1925,1933,1944,1954,2003,2010,2021,・,2033,,,2043,2051,2059,2108,2118,2126,2135,2144,・,2155,2205,2216,2229,2240,2252,2304,2317,,2339,2354,0011,,,,
横浜_横浜,着,,,,,,,,,,,,,,,,,,,,,,,,,,,,,0910,0910,,,・,,,,,,・,・,,,,,,,,,,,,,,,,,,,,,,,,,,,・,,,,,,,,・,,,・,・,,,,,,・,,,,,,,,,,・,,,,,,,・,,,,,・,,,・,,,,・,,,,,,,,,,,・,,,,,,,,,,,,・,,,,,,,,,,,,,,,,
終着,,___,___,___,___,___,___,___,___,___,___,___,___,___,___,___,___,___,___,___,___,___,___,___,___,___,___,___,___,鎌倉_0936_鎌倉_0936,鎌倉_0936_鎌倉_0936,___,___,高尾_0928_高尾_0928,___,___,___,___,___,八王子_0943_八王子_0943,氏家_1030_氏家_1030,___,___,___,___,___,___,___,___,___,___,___,___,___,___,___,___,___,___,___,___,___,___,___,___,___,___,鬼怒川温泉_1504_鬼怒川温泉_1504,___,___,___,___,___,___,___,八王子_1508_八王子_1508,___,___,足利_1611_足利_1611,足利_1611_足利_1611,___,___,___,___,___,足利_1651_足利_1651,___,___,___,___,___,___,___,___,___,宇都宮_1803_宇都宮_1803,___,___,___,___,___,___,前橋_1857_前橋_1857,___,___,___,___,高尾_1836_高尾_1836,___,___,高崎_1922_高崎_1922,___,___,___,八王子_1920_八王子_1920,___,___,___,___,___,___,___,___,___,___,八王子_2043_八王子_2043,___,___,___,___,___,___,___,___,___,___,___,八王子_2208_八王子_2208,___,___,___,___,___,___,___,___,___,___,___,___,___,___,___,___
次の区間,,,,,,,,,,,,,,,,,,,,,,,,,,,,,,↓,↓,,,↓,,,,,,↓,↓,,,,,,,,,,,,,,,,,,,,,,,,,,,↓,,,,,,,,↓,,,↓,↓,,,,,,↓,,,,,,,,,,↓,,,,,,,↓,,,,,↓,,,↓,,,,↓,,,,,,,,,,,↓,,,,,,,,,,,,↓,,,,,,,,,,,,,,,,
