列車番号,,1621M,621,1623M,623,721M,5625M,723M,725M,321M,1627M,627,323M,727M,1629M,629,729M,1731M,1821E,1521E,5631M,2821Y,601,733M,1523E,1823E,1825E,1525E,1827E,1527E,5633M,1829E,1529E,2823Y,8053M,1531E,1531E,5635M,1833E,2825Y,1533E,1835E,1535E,2827Y,1837E,1537E,2829Y,5637M,1839E,2831Y,1841E,3023M,4023M,5639M,1843E,1543E,2833Y,1545E,1847E,8055M,1547E,2835Y,1849E,1851E,3027M,5641M,2837Y,1551E,1855E,1553E,8029M,9029M,9071M,2839Y,1555E,1857E,1557E,3001M,5643M,4821Y,1859E,1559E,9061M,1861E,8031M,8031M,5645M,2841Y,1561E,1863E,1563E,3033M,4033M,5647M,4823Y,1865E,1565E,1867E,8003M,2843Y,1567E,1869E,1569E,3035M,5649M,4825Y,1871E,1571E,1873E,1873E,8059M,5651M,2845Y,1573E,1653M,1875E,1575E,4827Y,1877E,5655M,1577E,1879E,2847Y,1579E,5657M,1881E,1581E,4829Y,657,1883E,1583E,5659M,1885E,2849Y,659,1585E,1661M,661,1887E,1587E,4831Y,1889E,761,1589E,701,1891E,2851Y,1591E,1663M,1893E,1593E,4833Y,1895E,1897E,5665M,1595E,3071M,1597E,2853Y,1899E,1599E,1921E,3073M,1621E,1623E,2855Y,1667M,667,1923E,1625E,1627E,3091M,1925E,3075M,1629E,2857Y,1669M,1927E,669,1631E,1929E,3077M,1633E,1635E,2859Y,1931E,3093M,1637E,3079M,1639E,1671M,1933E,671,1641E,2861Y,1643E,3081M,1935E,1645E,2863Y,1673M,673,1937E,3083M,1647E,2865Y,1939E,1649E,3085M,1675M,1941E,2867Y,1651E,1943E,1653E,1945E,5031M,5031M,1655E,3087M,1947E,2869Y,1949E,9011M,1657E,1951E,1659E,2871Y,1953E,6089M,1661E,2873Y,735M,737M,739M,741M,743M,745M
列車名_列車名,,普通_普通,普通_普通,普通_普通,普通_普通,普通_普通,普通_普通,普通_普通,普通_普通,普通_普通,普通_普通,普通_普通,普通_普通,普通_普通,普通_普通,普通_普通,普通_普通,普通_普通,普通_普通,普通_普通,普通_普通,快速_快速,普通_普通,普通_普通,普通_普通,普通_普通,普通_普通,普通_普通,普通_普通,普通_普通,普通_普通,普通_普通,普通_普通,快速_快速,特急 踊り子53号_特急 踊り子53号,普通_普通,普通_普通,普通_普通,普通_普通,快速_快速,普通_普通,普通_普通,普通_普通,快速_快速,普通_普通,普通_普通,快速_快速,普通_普通,普通_普通,快速_快速,普通_普通,特急 踊り子3号_特急 踊り子3号,特急 踊り子3号_特急 踊り子3号,普通_普通,普通_普通,普通_普通,快速_快速,普通_普通,普通_普通,特急 踊り子55号_特急 踊り子55号,普通_普通,快速_快速,普通_普通,普通_普通,特急 踊り子7号_特急 踊り子7号,普通_普通,快速_快速,普通_普通,普通_普通,普通_普通,特急 踊り子9号_特急 踊り子9号,特急 踊り子9号_特急 踊り子9号,特急 みなみの桜・河津桜号_特急 みなみの桜・河津桜号,快速_快速,普通_普通,普通_普通,普通_普通,特急 サフィール踊り子1号_特急 サフィール踊り子1号,普通_普通,特別快速_特別快速,普通_普通,普通_普通,特急 「１８５」_特急 「１８５」,普通_普通,特急 踊り子11号_特急 踊り子11号,特急 踊り子11号_特急 踊り子11号,普通_普通,快速_快速,普通_普通,普通_普通,普通_普通,特急 踊り子13号_特急 踊り子13号,特急 踊り子13号_特急 踊り子13号,普通_普通,特別快速_特別快速,普通_普通,普通_普通,普通_普通,特急 サフィール踊り子3号_特急 サフィール踊り子3号,快速_快速,普通_普通,普通_普通,普通_普通,特急 踊り子15号_特急 踊り子15号,普通_普通,特別快速_特別快速,普通_普通,普通_普通,普通_普通,普通_普通,特急 踊り子59号_特急 踊り子59号,普通_普通,快速_快速,普通_普通,普通_普通,普通_普通,普通_普通,特別快速_特別快速,普通_普通,普通_普通,普通_普通,普通_普通,快速_快速,普通_普通,普通_普通,普通_普通,普通_普通,特別快速_特別快速,普通_普通,普通_普通,普通_普通,普通_普通,普通_普通,快速_快速,普通_普通,普通_普通,普通_普通,普通_普通,普通_普通,普通_普通,特別快速_特別快速,普通_普通,普通_普通,普通_普通,普通_普通,普通_普通,快速_快速,普通_普通,普通_普通,普通_普通,普通_普通,特別快速_特別快速,普通_普通,普通_普通,普通_普通,普通_普通,特急 湘南1号_特急 湘南1号,普通_普通,快速_快速,普通_普通,普通_普通,普通_普通,特急 湘南3号_特急 湘南3号,普通_普通,普通_普通,快速_快速,普通_普通,普通_普通,普通_普通,普通_普通,普通_普通,特急 湘南21号_特急 湘南21号,普通_普通,特急 湘南5号_特急 湘南5号,普通_普通,快速_快速,普通_普通,普通_普通,普通_普通,普通_普通,普通_普通,特急 湘南7号_特急 湘南7号,普通_普通,普通_普通,快速_快速,普通_普通,特急 湘南23号_特急 湘南23号,普通_普通,特急 湘南9号_特急 湘南9号,普通_普通,普通_普通,普通_普通,普通_普通,普通_普通,快速_快速,普通_普通,特急 湘南11号_特急 湘南11号,普通_普通,普通_普通,快速_快速,普通_普通,普通_普通,普通_普通,特急 湘南13号_特急 湘南13号,普通_普通,快速_快速,普通_普通,普通_普通,特急 湘南15号_特急 湘南15号,普通_普通,普通_普通,快速_快速,普通_普通,普通_普通,普通_普通,普通_普通,寝台特急 サンライズ出雲_寝台特急 サンライズ出雲,寝台特急 サンライズ瀬戸_寝台特急 サンライズ瀬戸,普通_普通,特急 湘南17号_特急 湘南17号,普通_普通,快速_快速,普通_普通,寝台特急 サンライズ出雲91号_寝台特急 サンライズ出雲91号,普通_普通,普通_普通,普通_普通,快速_快速,普通_普通,特急 湘南19号_特急 湘南19号,普通_普通,快速_快速,普通_普通,普通_普通,普通_普通,普通_普通,普通_普通,普通_普通
設備,,_,_,_,_,グリーン車自由席___,_,_,グリーン車自由席___,グリーン車自由席___,_,_,グリーン車自由席___,グリーン車自由席___,_,_,グリーン車自由席___,グリーン車自由席___,グリーン車自由席___,グリーン車自由席___,_,グリーン車自由席___,_,_,グリーン車自由席___,グリーン車自由席___,グリーン車自由席___,グリーン車自由席___,グリーン車自由席___,グリーン車自由席___,_,グリーン車自由席___,グリーン車自由席___,グリーン車自由席___,グリーン車指定席_普通車全車指定席____,グリーン車自由席___,グリーン車自由席___,_,グリーン車自由席___,グリーン車自由席___,グリーン車自由席___,グリーン車自由席___,グリーン車自由席___,グリーン車自由席___,グリーン車自由席___,グリーン車自由席___,グリーン車自由席___,_,グリーン車自由席___,グリーン車自由席___,グリーン車自由席___,グリーン車指定席_普通車全車指定席____,普通車全車指定席___,_,グリーン車自由席___,グリーン車自由席___,グリーン車自由席___,グリーン車自由席___,グリーン車自由席___,グリーン車指定席_普通車全車指定席____,グリーン車自由席___,グリーン車自由席___,グリーン車自由席___,グリーン車自由席___,グリーン車指定席_普通車全車指定席____,_,グリーン車自由席___,グリーン車自由席___,グリーン車自由席___,グリーン車自由席___,グリーン車指定席_普通車全車指定席____,グリーン車指定席_普通車全車指定席____,普通車全車指定席___,グリーン車自由席___,グリーン車自由席___,グリーン車自由席___,グリーン車自由席___,プレミアムグリーン_グリーン車指定席_６人用グリーン個室連結_４人用グリーン個室連結______,_,グリーン車自由席___,グリーン車自由席___,グリーン車自由席___,普通車全車指定席___,グリーン車自由席___,グリーン車指定席_普通車全車指定席____,グリーン車指定席_普通車全車指定席____,_,グリーン車自由席___,グリーン車自由席___,グリーン車自由席___,グリーン車自由席___,グリーン車指定席_普通車全車指定席____,普通車全車指定席___,_,グリーン車自由席___,グリーン車自由席___,グリーン車自由席___,グリーン車自由席___,プレミアムグリーン_グリーン車指定席_６人用グリーン個室連結_４人用グリーン個室連結______,グリーン車自由席___,グリーン車自由席___,グリーン車自由席___,グリーン車自由席___,グリーン車指定席_普通車全車指定席____,_,グリーン車自由席___,グリーン車自由席___,グリーン車自由席___,グリーン車自由席___,グリーン車自由席___,グリーン車指定席_普通車全車指定席____,_,グリーン車自由席___,グリーン車自由席___,_,グリーン車自由席___,グリーン車自由席___,グリーン車自由席___,グリーン車自由席___,_,グリーン車自由席___,グリーン車自由席___,グリーン車自由席___,グリーン車自由席___,_,グリーン車自由席___,グリーン車自由席___,グリーン車自由席___,_,グリーン車自由席___,グリーン車自由席___,_,グリーン車自由席___,グリーン車自由席___,_,グリーン車自由席___,_,_,グリーン車自由席___,グリーン車自由席___,グリーン車自由席___,グリーン車自由席___,_,グリーン車自由席___,_,グリーン車自由席___,グリーン車自由席___,グリーン車自由席___,_,グリーン車自由席___,グリーン車自由席___,グリーン車自由席___,グリーン車自由席___,グリーン車自由席___,_,グリーン車自由席___,グリーン車指定席_普通車全車指定席____,グリーン車自由席___,グリーン車自由席___,グリーン車自由席___,グリーン車自由席___,グリーン車自由席___,グリーン車指定席_普通車全車指定席____,グリーン車自由席___,グリーン車自由席___,グリーン車自由席___,_,_,グリーン車自由席___,グリーン車自由席___,グリーン車自由席___,グリーン車指定席_普通車全車指定席____,グリーン車自由席___,グリーン車指定席_普通車全車指定席____,グリーン車自由席___,グリーン車自由席___,_,グリーン車自由席___,_,グリーン車自由席___,グリーン車自由席___,グリーン車指定席_普通車全車指定席____,グリーン車自由席___,グリーン車自由席___,グリーン車自由席___,グリーン車自由席___,グリーン車指定席_普通車全車指定席____,グリーン車自由席___,グリーン車指定席_普通車全車指定席____,グリーン車自由席___,_,グリーン車自由席___,_,グリーン車自由席___,グリーン車自由席___,グリーン車自由席___,グリーン車指定席_普通車全車指定席____,グリーン車自由席___,グリーン車自由席___,グリーン車自由席___,_,_,グリーン車自由席___,グリーン車指定席_普通車全車指定席____,グリーン車自由席___,グリーン車自由席___,グリーン車自由席___,グリーン車自由席___,グリーン車指定席_普通車全車指定席____,_,グリーン車自由席___,グリーン車自由席___,グリーン車自由席___,グリーン車自由席___,グリーン車自由席___,グリーン車自由席___,Ａ寝台１人個室_Ｂ寝台１人個室_Ｂ寝台２人個室_普通車全車指定席______,Ａ寝台１人個室_Ｂ寝台１人個室_Ｂ寝台２人個室_普通車全車指定席______,グリーン車自由席___,グリーン車指定席_普通車全車指定席____,グリーン車自由席___,グリーン車自由席___,グリーン車自由席___,Ａ寝台１人個室_Ｂ寝台１人個室_Ｂ寝台２人個室_普通車全車指定席______,グリーン車自由席___,グリーン車自由席___,グリーン車自由席___,グリーン車自由席___,グリーン車自由席___,グリーン車指定席_普通車全車指定席____,グリーン車自由席___,グリーン車自由席___,グリーン車自由席___,グリーン車自由席___,グリーン車自由席___,グリーン車自由席___,グリーン車自由席___,グリーン車自由席___
運転日,,全日,全日,全日,全日,全日,全日,全日,全日,全日,全日,全日,全日,平日,全日,全日,平日,平日,平日,平日,全日,平日,全日,平日,平日,平日,平日,平日,平日,平日,全日,平日,平日,平日,2月19～22日運転__◆_2月19～22日運転_,平日,2月19～22日はこの時刻に変更__時変_2月19～22日はこの時刻に変更_,全日,平日,平日,平日,平日,平日,平日,平日,平日,平日,全日,平日,平日,平日,全日,全日,全日,平日,平日,平日,平日,平日,11月24日・12月29日・2月13～16・19～22・26～29日運転__◆_11月24日・12月29日・2月13～16・19～22・26～29日運転_,平日,平日,平日,平日,全日,全日,平日,平日,平日,平日,2月25日までの土曜・休日と12月29日～1月3日運転__◆_2月25日までの土曜・休日と12月29日～1月3日運転_,12月28日運転__◆_12月28日運転_,2月16日運転__◆_2月16日運転_,平日,平日,平日,平日,全日,全日,平日,平日,平日,12月22日・1月19日運転__◆_12月22日・1月19日運転_,平日,11月25・26日・12月28・30日～1月3・6～8・13・14・20・21・27・28日の毎日と2月3～25日の土曜・休日運転__◆_11月25・26日・12月28・30日～1月3・6～8・13・14・20・21・27・28日の毎日と2月3～25日の土曜・休日運転_,12月29日運転__◆_12月29日運転_,全日,平日,平日,平日,平日,全日,全日,全日,平日,全日,平日,平日,11月20～22・24・27・30日・12月1・4・7・8・11・14・15・18・21・22・25～29日・1月4・5・11・12・15・18・19・22・25・26・29日・2月1・2・5・8・9・15・16・19～22・26～29日運転__◆_11月20～22・24・27・30日・12月1・4・7・8・11・14・15・18・21・22・25～29日・1月4・5・11・12・15・18・19・22・25・26・29日・2月1・2・5・8・9・15・16・19～22・26～29日運転_,平日,平日,平日,平日,全日,全日,平日,平日,平日,平日,12月29日はこの時刻に変更__時変_12月29日はこの時刻に変更_,12月29日と2月10～25日の土曜・休日運転__◆_12月29日と2月10～25日の土曜・休日運転_,全日,平日,平日,全日,全日,平日,平日,平日,全日,平日,平日,平日,平日,全日,平日,平日,平日,全日,平日,平日,全日,平日,平日,全日,平日,全日,全日,全日,平日,平日,平日,全日,平日,全日,平日,平日,平日,全日,平日,平日,平日,平日,平日,全日,平日,平日,平日,平日,平日,平日,平日,平日,平日,平日,平日,全日,全日,平日,平日,平日,平日,平日,平日,平日,平日,全日,平日,全日,平日,平日,平日,平日,平日,平日,平日,平日,平日,平日,平日,全日,平日,全日,平日,平日,平日,平日,平日,平日,平日,全日,全日,平日,平日,平日,平日,平日,平日,平日,全日,平日,平日,平日,平日,平日,平日,全日,全日,平日,平日,平日,平日,平日,12月29日・1月4日運転__◆_12月29日・1月4日運転_,平日,平日,平日,平日,平日,12月1・7・8・14・15・21・22日・1月12・19・26日・2月2・9・16・22日運転__◆_12月1・7・8・14・15・21・22日・1月12・19・26日・2月2・9・16・22日運転_,平日,平日,全日,全日,平日,全日,全日,全日
記事,,,,,,,,,,,,,,,,,,,,,,,,,,,,,,,,,,,,,,,,,,,,,,,,,,,,,東京－熱海間は3023M〔踊り子3号〕に併結__★_東京－熱海間は3023M〔踊り子3号〕に併結_,,,,,,,,,,,,,,,,,,,,,,,,,,,,,,,,,,,,,,,,東京－熱海間は3033M〔踊り子13号〕に併結__★_東京－熱海間は3033M〔踊り子13号〕に併結_,,,,,,,,,,,,,,,,,,,,,,,,,,,,,,,,,,,,,,,,,,,,,,,,,,,,,,,,,,,,,,,,,,,,,,,,,,,,,,,,,,,,,,,,,,,,,,,,,,,,,,,,,,,,,,,,,,,,,,,,,,,,,,,,,,,,,,,,,,,,,,,,,
前の区間,,,,,,,,,,,,,,,,,,,↑,↑,,↑,,,↑,↑,↑,↑,↑,↑,,↑,↑,↑,,↑,↑,,↑,↑,↑,↑,↑,↑,↑,↑,↑,,↑,↑,↑,,,,↑,↑,↑,↑,↑,,↑,↑,↑,↑,,,↑,↑,↑,↑,,,↑,↑,,↑,↑,,,↑,↑,↑,,↑,,,,↑,↑,↑,↑,,,,↑,↑,↑,↑,,↑,↑,↑,↑,,,↑,↑,↑,↑,↑,,,↑,↑,,↑,↑,↑,↑,,↑,↑,↑,↑,,↑,↑,↑,,↑,↑,,↑,↑,,↑,,,↑,↑,↑,↑,,↑,,↑,↑,↑,,↑,↑,↑,↑,↑,,,,↑,↑,↑,↑,↑,,↑,↑,↑,,,↑,,↑,↑,↑,,↑,↑,,↑,,↑,↑,,,↑,↑,↑,↑,↑,,,,↑,,,↑,↑,,↑,↑,↑,,,↑,,↑,↑,↑,↑,,,↑,↑,↑,↑,↑,↑,,,↑,,↑,↑,↑,,↑,↑,↑,↑,↑,,↑,↑,,,,,,
始発,,___,___,___,___,___,___,___,___,___,___,___,___,___,___,___,___,___,籠原_0506_籠原_0506,宇都宮_0437_宇都宮_0437,___,籠原_0523_籠原_0523,___,___,小金井_0511_小金井_0511,籠原_0533_籠原_0533,新前橋_0500_新前橋_0500,小金井_0535_小金井_0535,高崎_0521_高崎_0521,小金井_0550_小金井_0550,___,籠原_0609_籠原_0609,宇都宮_0540_宇都宮_0540,籠原_0614_籠原_0614,___,小金井_0616_小金井_0616,小金井_0616_小金井_0616,___,籠原_0635_籠原_0635,前橋_0531_前橋_0531,小金井_0633_小金井_0633,高崎_0606_高崎_0606,宇都宮_0614_宇都宮_0614,高崎_0613_高崎_0613,籠原_0657_籠原_0657,古河_0712_古河_0712,高崎_0624_高崎_0624,___,前橋_0608_前橋_0608,深谷_0707_深谷_0707,高崎_0643_高崎_0643,___,___,___,前橋_0641_前橋_0641,宇都宮_0701_宇都宮_0701,高崎_0701_高崎_0701,宇都宮_0720_宇都宮_0720,高崎_0718_高崎_0718,___,宇都宮_0737_宇都宮_0737,前橋_0708_前橋_0708,高崎_0744_高崎_0744,籠原_0824_籠原_0824,___,___,高崎_0758_高崎_0758,宇都宮_0805_宇都宮_0805,高崎_0823_高崎_0823,宇都宮_0834_宇都宮_0834,___,___,高尾_0936_高尾_0936,籠原_0908_籠原_0908,___,高崎_0847_高崎_0847,宇都宮_0907_宇都宮_0907,___,___,高崎_0915_高崎_0915,籠原_0943_籠原_0943,宇都宮_0923_宇都宮_0923,___,高崎_0929_高崎_0929,___,___,___,籠原_1013_籠原_1013,小金井_1000_小金井_1000,高崎_0954_高崎_0954,古河_1046_古河_1046,___,___,___,高崎_1014_高崎_1014,籠原_1040_籠原_1040,宇都宮_1021_宇都宮_1021,高崎_1026_高崎_1026,___,籠原_1113_籠原_1113,小金井_1101_小金井_1101,高崎_1054_高崎_1054,古河_1142_古河_1142,___,___,高崎_1114_高崎_1114,籠原_1141_籠原_1141,宇都宮_1116_宇都宮_1116,高崎_1132_高崎_1132,高崎_1132_高崎_1132,___,___,籠原_1213_籠原_1213,小金井_1200_小金井_1200,___,高崎_1152_高崎_1152,古河_1247_古河_1247,高崎_1214_高崎_1214,籠原_1241_籠原_1241,___,宇都宮_1217_宇都宮_1217,高崎_1232_高崎_1232,籠原_1313_籠原_1313,小金井_1300_小金井_1300,___,高崎_1253_高崎_1253,古河_1347_古河_1347,高崎_1314_高崎_1314,___,籠原_1341_籠原_1341,宇都宮_1318_宇都宮_1318,___,高崎_1328_高崎_1328,籠原_1412_籠原_1412,___,小金井_1357_小金井_1357,___,___,高崎_1349_高崎_1349,古河_1446_古河_1446,高崎_1414_高崎_1414,籠原_1441_籠原_1441,___,宇都宮_1416_宇都宮_1416,___,高崎_1428_高崎_1428,籠原_1513_籠原_1513,小金井_1500_小金井_1500,___,高崎_1452_高崎_1452,古河_1550_古河_1550,高崎_1514_高崎_1514,籠原_1541_籠原_1541,籠原_1558_籠原_1558,___,___,___,小金井_1550_小金井_1550,籠原_1613_籠原_1613,籠原_1621_籠原_1621,小金井_1609_小金井_1609,高崎_1555_高崎_1555,___,小金井_1626_小金井_1626,宇都宮_1610_宇都宮_1610,高崎_1611_高崎_1611,___,___,籠原_1650_籠原_1650,___,古河_1705_古河_1705,新宿_1825_新宿_1825,高崎_1626_高崎_1626,___,小金井_1650_小金井_1650,籠原_1713_籠原_1713,___,前橋_1613_前橋_1613,___,小金井_1706_小金井_1706,高崎_1659_高崎_1659,___,___,宇都宮_1715_宇都宮_1715,高崎_1713_高崎_1713,籠原_1756_籠原_1756,新宿_1930_新宿_1930,小金井_1746_小金井_1746,___,___,___,籠原_1822_籠原_1822,___,___,籠原_1827_籠原_1827,宇都宮_1753_宇都宮_1753,___,高崎_1759_高崎_1759,古河_1857_古河_1857,高崎_1814_高崎_1814,___,___,籠原_1858_籠原_1858,___,小金井_1851_小金井_1851,籠原_1919_籠原_1919,高崎_1847_高崎_1847,古河_1941_古河_1941,___,___,高崎_1907_高崎_1907,高崎_1916_高崎_1916,宇都宮_1912_宇都宮_1912,籠原_2001_籠原_2001,小金井_1956_小金井_1956,高崎_1946_高崎_1946,___,___,宇都宮_2001_宇都宮_2001,___,高崎_2007_高崎_2007,籠原_2036_籠原_2036,籠原_2051_籠原_2051,___,古河_2105_古河_2105,籠原_2111_籠原_2111,宇都宮_2049_宇都宮_2049,籠原_2124_籠原_2124,高崎_2048_高崎_2048,___,小金井_2127_小金井_2127,高崎_2105_高崎_2105,___,___,___,___,___,___
上野番線_上野番線,,,,,,,,,,,,,,,,,,,(8),(7),,・,,,(7),(7),(7),(7),(7),(7),,(7),(7),・,,(7),2月19～22日はこの時刻に変更__(7)_2月19～22日はこの時刻に変更_,,(7),・,(7),(7),(7),・,(7),(7),・,,(7),・,(7),,,,(7),(7),・,(7),(7),,(7),・,(7),(7),,,・,(7),(7),(7),,,・,・,(7),(7),(7),,,・,(7),(7),,(7),,,,・,(7),(7),(7),,,,・,(7),(7),(7),,・,(7),(7),(7),,,・,(7),(7),(7),(7),,,・,(7),,(7),(7),・,(7),,(7),(7),・,(7),,(7),(7),・,,(7),(7),,(7),・,,(7),,,(7),(7),・,(7),,(7),,(7),・,(7),,(7),(7),・,(7),(7),,(7),,(7),・,(7),(7),(7),,(7),(7),・,,,(8),(7),(7),・,(7),,(7),・,,(7),,(7),(8),,(7),(7),・,(7),・,(8),,(7),,(7),,(7),・,(7),,(7),(7),・,,,(7),,(7),・,(7),(7),,,(7),・,(7),(7),(7),(7),,,(7),,(8),・,(7),,(7),(7),(7),・,(7),,(7),・,,,,,,
上野_上野,発,,,,,,,,,,,,,,,,,,0617,0620,,・,,,0638,0647,0654,0702,0712,0722,,0729,0736,・,,0746,2月19～22日はこの時刻に変更__0747_2月19～22日はこの時刻に変更_,,0754,・,0801,0806,0812,・,0817,0823,・,,0829,・,0843,,,,0855,0900,・,0910,0917,,0924,・,0936,0948,,,・,0954,1012,1021,,,・,・,1030,1041,1051,,,・,1102,1111,,1121,,,,・,1131,1141,1151,,,,・,1200,1211,1221,,・,1231,1241,1251,,,・,1301,1311,1321,1321,,,・,1331,,1341,1351,・,1401,,1411,1421,・,1431,,1441,1451,・,,1500,1511,,1521,・,,1531,,,1541,1551,・,1600,,1612,,1621,・,1631,,1642,1652,・,1701,1711,,1717,,1725,・,1733,1741,1747,,1754,1802,・,,,1805,1810,1815,・,1819,,1825,・,,1833,,1841,1849,,1854,1902,・,1911,・,1917,,1925,,1934,,1940,・,1948,,1954,2005,・,,,2016,,2025,・,2034,2047,,,2054,・,2106,2118,2124,2136,,,2145,,2154,・,2205,,2219,2224,2234,・,2245,,2255,・,,,,,,
東京_東京,着,,,,,,,,,,,,,,,,,,0622,0625,,・,,,0643,0652,0659,0707,0716,0727,,0734,0741,・,,0751,2月19～22日はこの時刻に変更__0752_2月19～22日はこの時刻に変更_,,0759,・,0806,0811,0817,・,0822,0829,・,,0835,・,0848,,,,0900,0905,・,0915,0922,,0930,・,0941,0953,,,・,0959,1017,1026,,,・,・,1035,1046,1056,,,・,1107,1116,,1126,,,,・,1136,1146,1156,,,,・,1205,1216,1226,,・,1236,1246,1256,,,・,1306,1317,1326,1326,,,・,1336,,1346,1356,・,1406,,1416,1426,・,1436,,1446,1455,・,,1506,1517,,1526,・,,1536,,,1546,1556,・,1605,,1617,,1626,・,1636,,1646,1656,・,1706,1716,,1722,,1730,・,1738,1746,1752,,1800,1807,・,,,1810,1816,1820,・,1825,,1830,・,,1839,,1846,1854,,1900,1907,・,1917,・,1922,,1930,,1939,,1945,・,1953,,2000,2010,・,,,2021,,2030,・,2039,2052,,,2100,・,2111,2123,2130,2141,,,2151,,2201,・,2210,,2224,2230,2239,・,2250,,2300,・,,,,,,
東京番線_東京番線,,,,,,,,,,(9),,,(9),,,,(10),(9),(10),(10),,・,,,(10),(10),(10),(10),(10),(10),,(10),(10),・,(9),(10),2月19～22日はこの時刻に変更__(10)_2月19～22日はこの時刻に変更_,,(10),・,(10),(10),(10),・,(10),(10),・,,(10),・,(10),(9),,,(10),(10),・,(10),(10),(9),(10),・,(10),(10),(9),,・,(10),(10),(10),(9),(9),・,・,(10),(10),(10),(9),,・,(10),(10),,(10),(9),(9),,・,(10),(10),(10),(9),,,・,(10),(10),(10),(9),・,(10),(10),(10),(9),,・,(10),(10),(10),(10),(9),,・,(10),,(10),(10),・,(10),,(10),(10),・,(10),,(10),(10),・,,(10),(10),,(10),・,,(10),,,(10),(10),・,(10),,(10),,(10),・,(10),,(10),(10),・,(10),(10),,(10),(9),(10),・,(10),(10),(10),(9),(10),(10),・,,,(10),(10),(10),・,(10),(9),(10),・,,(10),,(10),(10),(9),(10),(10),・,(10),・,(10),(9),(10),,(10),,(10),・,(10),(9),(10),(10),・,,,(10),(9),(10),・,(10),(10),(9),,(10),・,(10),(10),(10),(10),(9),(9),(10),(9),(10),・,(10),(8),(10),(10),(10),・,(10),(9),(10),・,(8),(10),(9),(10),(9),(10)
東京_東京,発,,,,,,,,,0520,,,0540,,,,0605,0615,0623,0630,,・,,,0645,0653,0701,0709,0717,0728,,0735,0742,・,0752,0752,2月19～22日はこの時刻に変更__0755_2月19～22日はこの時刻に変更_,,0800,・,0808,0813,0819,・,0825,0830,・,,0836,・,0849,0900,,,0902,0906,・,0916,0924,0930,0932,・,0942,0954,1000,,・,1002,1018,1027,1030,1030,・,・,1037,1047,1057,1100,,・,1108,1117,,1127,1130,1130,,・,1137,1147,1157,1200,,,・,1206,1217,1227,1230,・,1237,1247,1257,1300,,・,1307,1318,1327,1327,1330,,・,1337,,1347,1357,・,1407,,1417,1427,・,1437,,1447,1456,・,,1507,1518,,1527,・,,1537,,,1547,1557,・,1606,,1618,,1627,・,1637,,1647,1657,・,1707,1717,,1723,1730,1732,・,1740,1748,1755,1800,1803,1808,・,,,1811,1817,1821,・,1826,1830,1832,・,,1840,,1847,1855,1900,1902,1910,・,1918,・,1925,1930,1933,,1940,,1947,・,1954,2000,2002,2012,・,,,2022,2030,2032,・,2042,2053,2100,,2102,・,2113,2124,2132,2142,2150,2150,2152,2200,2202,・,2212,2221,2225,2232,2242,・,2252,2300,2302,・,2312,2322,2333,2339,2347,2354
新橋_新橋,発,,,,,,,,,0523,,,0543,,,,0608,0618,0626,0634,,・,,,0648,0656,0704,0712,0720,0731,,0738,0745,・,レ,0756,2月19～22日はこの時刻に変更__0758_2月19～22日はこの時刻に変更_,,0804,・,0812,0818,0823,・,0828,0834,・,,0839,・,0852,レ,,,0906,0910,・,0920,0928,レ,0935,・,0946,0957,レ,,・,1007,1021,1030,レ,レ,・,・,1040,1050,1100,レ,,・,1111,1120,,1130,レ,レ,,・,1140,1150,1200,レ,,,・,1209,1220,1230,レ,・,1240,1250,1300,レ,,・,1310,1321,1330,1330,レ,,・,1340,,1350,1400,・,1410,,1420,1430,・,1440,,1450,1459,・,,1510,1521,,1530,・,,1540,,,1550,1600,・,1609,,1621,,1630,・,1640,,1651,1700,・,1710,1720,,1727,レ,1736,・,1743,1752,1758,レ,1806,1811,・,,,1814,1820,1825,・,1829,レ,1836,・,,1843,,1850,1858,レ,1906,1913,・,1921,・,1928,レ,1936,,1943,,1951,・,1958,レ,2006,2016,・,,,2026,レ,2036,・,2045,2056,レ,,2106,・,2116,2127,2135,2146,レ,レ,2156,レ,2206,・,2215,レ,2228,2236,2245,・,2255,レ,2305,・,2315,2325,2336,2342,2350,2357
品川_品川,発,,,,,0435,,,0510,0529,,,0549,0603,,,0616,0626,0633,0643,,・,,,0655,0702,0710,0719,0726,0736,,0744,0753,・,0800,0802,2月19～22日はこの時刻に変更__0804_2月19～22日はこの時刻に変更_,,0810,・,0817,0823,0828,・,0834,0841,・,,0848,・,0858,0908,,,0911,0917,・,0927,0934,0938,0943,・,0952,1005,1008,,・,1016,1027,1035,1038,1038,・,・,1045,1056,1105,1108,,・,1116,1125,,1135,1138,1138,,・,1145,1155,1205,1208,,,・,1215,1225,1235,1238,・,1245,1255,1305,1308,,・,1315,1326,1335,1335,1338,,・,1345,,1355,1405,・,1415,,1425,1435,・,1445,,1455,1505,・,,1515,1526,,1535,・,,1545,,,1555,1605,・,1615,,1626,,1635,・,1645,,1656,1706,・,1716,1726,,1733,1739,1742,・,1749,1758,1805,1809,1812,1817,・,,,1822,1827,1831,・,1836,1839,1842,・,,1849,,1856,1904,1909,1912,1919,・,1927,・,1934,1939,1942,,1949,,1957,・,2004,2009,2013,2022,・,,,2032,2039,2042,・,2052,2102,2109,,2112,・,2122,2133,2142,2152,レ,レ,2202,2209,2212,・,2222,レ,2234,2242,2252,・,2302,2309,2312,・,2322,2332,2342,2348,2358,0004
川崎_川崎,発,,,,,0445,,,0519,0539,,,0558,0612,,,0626,0636,0643,0652,,・,,,0704,0712,0719,0728,0736,0745,,0753,0802,・,レ,0812,2月19～22日はこの時刻に変更__0813_2月19～22日はこの時刻に変更_,,0820,・,0827,0832,0837,・,0843,0850,・,,0858,・,0907,0916,,,0920,0926,・,0937,0943,レ,0952,・,1001,1013,1016,,・,1025,1036,1044,1046,1046,・,・,1055,1105,1114,レ,,・,1125,1136,1141,1144,1146,1146,,・,1155,1205,1214,1216,,,・,1225,1235,1244,レ,・,1255,1305,1314,1316,,・,1325,1335,1344,1344,1346,,・,1355,,1405,1414,・,1425,,1435,1444,・,1455,,1505,1514,・,,1525,1536,,1544,・,,1555,,,1605,1614,・,1625,,1635,,1644,・,1655,,1706,1715,・,1725,1735,,1742,レ,1751,・,1759,1807,1814,レ,1822,1827,・,,,1831,1836,1841,・,1845,レ,1852,・,,1859,,1906,1913,レ,1922,1928,・,1937,・,1943,レ,1952,,1959,,2006,・,2013,レ,2022,2031,・,,,2042,レ,2052,・,2102,2112,レ,,2121,・,2132,2142,2152,2201,レ,レ,2212,レ,2221,・,2231,レ,2243,2252,2301,・,2312,レ,2321,・,2331,2341,2351,2358,0007,0013
横浜_横浜,着,,,,,0453,,,0527,0547,,,0606,0619,,,0635,0644,0651,0659,,0710,,,0713,0720,0728,0736,0743,0754,,0801,0809,0809,0815,0820,0820,,0828,0830,0835,0839,0845,0846,0850,0858,0900,,0906,0913,0917,0924,,,0928,0933,0936,0945,0951,0958,1001,1005,1010,1022,1023,,1032,1034,1043,1052,1053,1053,レ,1100,1103,1112,1122,1123,,1129,1133,1143,1149,1152,1154,1154,,1200,1203,1212,1222,1223,,,1231,1232,1243,1251,1257,1300,1303,1312,1322,1323,,1329,1332,1343,1352,1352,1354,,1400,1403,,1412,1423,1429,1432,,1443,1451,1500,1503,,1512,1522,1529,,1532,1543,,1551,1600,,1602,,,1612,1623,1629,1632,,1643,,1651,1700,1703,,1713,1722,1730,1733,1743,,1751,レ,1800,1803,1807,1816,1823,レ,1830,1834,1837,,,1840,1845,1849,・,1853,レ,1900,1904,,1908,,1914,1922,レ,1930,1936,1938,1945,・,1951,レ,2000,,2007,,2014,2015,2022,レ,2030,2040,2042,,,2052,レ,2100,2104,2111,2121,レ,,2129,2138,2140,2150,2200,2209,2214,2214,2221,レ,2229,2231,2240,2243,2250,2300,2309,2314,2321,レ,2329,2329,2339,2348,2359,0006,0014,0021
横浜_横浜,発,,,,,0454,,,0528,0548,,,0607,0620,,,0636,0645,0652,0700,,0710,,,0715,0721,0729,0737,0744,0755,,0802,0810,0810,0815,0821,0821,,0829,0831,0836,0840,0845,0847,0851,0859,0901,,0907,0914,0918,0924,,,0929,0934,0937,0946,0952,0959,1002,1005,1011,1026,1024,,1032,1035,1044,1056,1054,1054,レ,1101,1104,1114,1126,1124,,1129,1134,1144,1150,1156,1154,1154,,1201,1204,1213,1226,1224,,,1231,1233,1244,1252,1258,1301,1304,1313,1326,1324,,1330,1333,1344,1354,12月29日はこの時刻に変更__1356_12月29日はこの時刻に変更_,1354,,1401,1404,,1413,1424,1430,1433,,1444,1452,1501,1504,,1513,1523,1530,,1533,1544,,1552,1601,,1603,,,1613,1624,1630,1633,,1644,,1652,1701,1705,,1714,1723,1731,1734,1744,,1754,レ,1801,1804,1808,1817,1826,レ,1831,1835,1838,,,1841,1846,1850,・,1856,レ,1901,1905,,1909,,1916,1925,レ,1931,1937,1939,1946,・,1954,レ,2001,,2008,,2015,2016,2025,レ,2031,2041,2044,,,2055,レ,2101,2105,2112,2124,レ,,2131,2139,2142,2151,2201,2210,2215,2215,2224,レ,2230,2232,2241,2244,2251,2301,2310,2315,2324,レ,2330,2331,2340,2349,0000,0007,0015,0024
戸塚_戸塚,発,,,,,0505,,,0538,0558,,,0617,0630,,,0646,0655,0702,0710,,0720,,,0725,0731,0739,0747,0755,0805,,0812,0820,0822,レ,0831,0831,,0839,0842,0847,0850,0855,0859,0902,0909,0913,,0917,0925,0928,レ,,,0939,0944,0947,0956,1001,レ,1012,1016,1021,1036,レ,,1042,1045,1054,1106,レ,レ,レ,1111,1114,1124,1136,レ,,1140,1144,1154,レ,1206,レ,レ,,1211,1214,1223,1236,レ,,,1241,1244,1254,1302,レ,1311,1314,1323,1336,レ,,1340,1343,1354,1405,12月29日はこの時刻に変更__1406_12月29日はこの時刻に変更_,レ,,1411,1414,,1423,1434,1440,1443,,1454,1502,1511,1515,,1523,1533,1540,,1543,1554,,1602,1610,,1613,,,1623,1633,1640,1643,,1654,,1702,1711,1715,,1724,1733,1741,1744,1754,,1805,レ,1810,1815,1818,1827,1836,レ,1841,1845,1849,,,1853,1856,1900,レ,1907,レ,1912,1915,,1919,,1926,1936,レ,1942,1947,1950,1956,レ,2005,レ,2011,,2019,,2024,2028,2036,レ,2041,2050,2054,,,2105,レ,2110,2115,2122,2135,レ,,2141,2149,2153,2201,2211,2220,レ,レ,2235,レ,2240,2244,2251,レ,2301,2311,2320,2325,2335,レ,2340,2343,2350,2359,0010,0017,0025,0035
大船_大船,発,,,,,0510,,,0544,0604,,,0623,0635,,,0652,0700,0708,0716,,0726,,,0732,0738,0746,0754,0801,0810,,0818,0825,0830,レ,0836,0836,,0845,0848,0853,0855,0900,0904,0907,0914,0918,,0923,0931,0939,0937,,,0945,0949,0952,1002,1007,レ,1017,1021,1028,1042,1037,,1047,1050,1100,1111,1107,1107,レ,1117,1119,1129,1142,レ,,1145,1149,1200,レ,1212,1207,1207,,1216,1220,1229,1241,1237,,,1246,1249,1300,1312,レ,1316,1319,1329,1341,1337,,1345,1349,1400,1412,1412,1407,,1416,1419,,1429,1440,1446,1449,,1500,1508,1517,1521,,1529,1539,1545,,1549,1600,,1607,1616,,1619,,,1629,1639,1645,1649,,1659,,1707,1717,1721,,1729,1739,1746,1750,1759,,1810,1806,1816,1821,1824,1833,1842,1837,1847,1851,1855,,,1859,1902,1906,レ,1912,1909,1918,1921,,1926,,1932,1942,1936,1948,1953,1957,2002,レ,2011,2006,2018,,2025,,2030,2033,2042,2036,2048,2056,2100,,,2111,2106,2116,2122,2129,2140,2136,,2147,2155,2159,2206,2218,2230,レ,レ,2241,2236,2246,2250,2257,レ,2306,2317,2326,2331,2340,2336,2346,2349,2356,0004,0016,0023,0030,0040
藤沢_藤沢,発,,,,,0515,,,0549,0608,,,0627,0640,,,0656,0705,0713,0721,,0731,,,0737,0743,0751,0759,0806,0815,,0823,0830,0836,レ,0841,0841,,0849,0853,0857,＝,0905,0908,0912,0919,0923,,0927,0935,0944,レ,,,0949,0953,0957,1007,1011,レ,1022,1025,1033,1046,レ,,1052,1055,1104,1116,レ,レ,レ,1121,1124,1134,1146,レ,,1150,1154,1204,レ,1216,レ,レ,,1221,1224,1234,1246,レ,,,1251,1254,1305,1317,レ,1321,1324,1334,1346,レ,,1350,1354,1404,1417,1417,レ,,1421,1424,,1434,1444,1450,1454,,1504,1512,1521,1525,,1534,1544,1550,,1553,1605,,1612,1620,,1623,,,1634,1644,1650,1653,,1704,,1712,1721,1726,,1734,1743,1751,1755,1804,,1815,1810,1820,1826,1830,1838,1847,1842,1852,1856,1900,,,1904,1907,1911,1921,1917,1913,1923,1926,,1931,,1937,1947,1941,1953,1958,2002,2007,2021,2016,2011,2023,,2030,,2034,2038,2047,2041,2053,2101,2105,,,2116,2111,2121,2127,2134,2145,2140,,2152,2200,2204,2211,2223,2235,レ,レ,2246,2241,2251,2255,2302,レ,2311,2322,2331,2336,2345,2341,2350,2353,0001,0009,0021,0027,0035,0045
辻堂_辻堂,発,,,,,0518,,,0552,0612,,,0631,0643,,,0700,0709,0717,0725,,0734,,,0741,0747,0755,0803,0810,0819,,0826,0834,0840,レ,0844,0844,,0853,0856,0901,,0908,0912,0915,0922,0926,,0931,0939,0948,レ,,,0953,0957,1000,1010,1015,レ,1025,1029,1037,1050,レ,,1055,1058,1108,1119,レ,レ,レ,1125,1127,1137,1150,レ,,レ,1157,1208,レ,1220,レ,レ,,1224,1228,1237,1249,レ,,,レ,1257,1308,1320,レ,1324,1327,1337,1349,レ,,レ,1357,1408,1420,1420,レ,,1424,1427,,1437,1448,レ,1457,,1508,1516,1525,1529,,1537,1548,レ,,1557,1608,,1615,1624,,1627,,,1637,1648,レ,1657,,1707,,1715,1725,1729,,1737,1747,レ,1759,1808,,1819,1814,1824,1829,1834,1842,1851,1846,1856,1900,1904,,,1908,1911,1914,レ,1921,1917,1926,1930,,1936,,1941,1951,1945,1957,2002,2006,2011,レ,2020,2015,2028,,2034,,2038,2041,2051,2045,2057,2104,2108,,,2119,2115,2126,2131,2138,2148,2144,,2156,2204,2208,2215,2227,2239,レ,レ,2249,2245,2255,2259,2306,レ,2315,2326,2334,2340,2349,2345,2354,2357,0004,0013,0025,0031,0039,0049
茅ケ崎_茅ケ崎,発,,,,,0522,,,0556,0615,,,0635,0647,,,0704,0712,0721,0729,,0738,,,0745,0751,0759,0807,0814,0822,,0830,0837,0844,レ,0848,0848,,0856,0900,0904,,0912,0915,0919,0926,0930,,0935,0942,0951,レ,,,0956,1000,1004,1014,1018,レ,1029,1032,1041,1053,レ,,1059,1102,1111,1123,レ,レ,レ,1128,1131,1141,1153,レ,,1156,1201,1211,レ,1223,レ,レ,,1228,1231,1241,1253,レ,,,1256,1301,1312,1324,レ,1328,1331,1341,1353,レ,,1356,1401,1411,1424,1424,レ,,1428,1431,,1441,1452,1456,1501,,1511,1519,1528,1532,,1541,1552,1556,,1600,1612,,1619,1627,,1630,,,1641,1652,1656,1700,,1711,,1719,1728,1733,,1741,1750,1757,1803,1812,,1823,1818,1828,1833,1838,1846,1855,1850,1859,1904,1908,,,1912,1915,1918,1928,1925,1921,1931,1934,,1940,,1945,1955,1949,2001,2006,2010,2016,2028,2024,2019,2033,,2038,,2042,2045,2054,2049,2101,2108,2112,,,2123,2119,2130,2135,2142,2152,2148,,2200,2209,2213,2219,2231,2243,レ,レ,2253,2249,2259,2303,2310,レ,2318,2330,2338,2344,2353,2349,2358,0001,0008,0017,0028,0035,0043,0053
平塚_平塚,発,,,,,0531,,0546,0601,0620,,,0640,0651,,,0709,0718,0727,0735,,0743,,0746,0751,0756,0805,0814,0822,0827,,0836,0845,0849,レ,0853,0853,,0901,0905,0909,,0916,0920,0924,0931,0935,,0939,0951,0957,レ,,,1001,1005,1008,1019,1023,レ,1033,1042,1050,1058,レ,,1103,1107,1116,1127,レ,レ,レ,1133,1136,1150,1158,レ,,1201,1206,1216,レ,1228,レ,レ,,1233,1236,1250,1257,レ,,,1301,1307,1317,1329,レ,1332,1336,1350,1357,レ,,1401,1407,1416,1429,1429,レ,,1433,1436,,1447,1457,1501,1506,,1516,1524,1533,1538,,1546,1557,1601,,1610,1616,,1624,1632,,1639,,,1646,1703,1701,1705,,1716,,1729,1733,1739,,1746,1756,1803,1808,1816,,1828,1823,1833,1839,1843,1857,1901,1855,1905,1910,1914,,,1917,1921,1923,1933,1930,1926,1937,1941,,1945,,1956,2001,1954,2007,2011,2015,2026,2034,2036,2024,2039,,2043,,2048,2050,2100,2053,2106,2115,2117,,,2129,2123,2136,2140,2148,2157,2153,,2210,2214,2218,2225,2236,2247,レ,レ,2258,2254,2304,2308,2315,レ,2328,2335,2343,2348,2357,2354,0004,0006,0013,0022,0034,0040,0047,0058
大磯_大磯,発,,,,,0535,,0550,0605,0624,,,0644,0655,,,0713,0721,0731,0739,,＝,,0750,＝,0800,0809,0818,0826,0831,,0839,0849,＝,レ,0857,0857,,0904,0908,＝,,0920,0923,0927,0935,＝,,0943,0955,1000,レ,,,＝,1009,1012,1022,＝,レ,1037,1046,1054,1101,レ,,1107,1111,＝,1131,レ,レ,レ,＝,1139,1153,＝,レ,,レ,1210,＝,レ,1231,レ,レ,,＝,1239,1254,＝,レ,,,レ,1311,＝,1332,レ,＝,1339,1353,＝,レ,,レ,1410,＝,1432,1432,レ,,＝,1439,,1451,＝,レ,1510,,＝,1528,1536,1542,,1550,＝,レ,,1614,＝,,1627,＝,,1643,,,1650,1706,レ,＝,,1720,,1733,＝,1742,,1749,1759,レ,＝,1820,,1831,＝,1836,＝,1846,1900,1904,レ,1909,1913,1918,,,1921,1925,＝,レ,1934,レ,1941,1945,,＝,,2000,2005,レ,2011,2015,2019,2030,レ,2040,レ,2043,,2048,,2052,＝,2104,レ,2110,2119,＝,,,2133,レ,2140,2144,2151,＝,レ,,2214,2218,＝,2229,2240,2251,レ,レ,2302,レ,2307,2311,＝,レ,2332,2339,2347,2352,0001,＝,＝,0010,0017,0026,0037,0043,0051,＝
二宮_二宮,発,,,,,0540,,0554,0609,0628,,,0649,0659,,,0718,0726,0736,0744,,,,0755,,0805,0814,0823,0831,0835,,0844,0854,,レ,0902,0902,,0909,0913,,,0924,0928,0932,0940,,,0948,1000,1005,レ,,,,1013,1016,1027,,レ,1041,1050,1059,1106,レ,,1111,1115,,1135,レ,レ,レ,,1144,1158,,レ,,レ,1214,,レ,1236,レ,レ,,,1244,1259,,レ,,,レ,1315,,1337,レ,,1344,1358,,レ,,レ,1415,,1437,1437,レ,,,1444,,1456,,レ,1514,,,1532,1541,1546,,1554,,レ,,1618,,,1632,,,1648,,,1654,1711,レ,,,1725,,1737,,1747,,1754,1804,レ,,1824,,1836,,1841,,1851,1905,1909,レ,1914,1918,1923,,,1926,1930,,1942,1939,レ,1947,1950,,,,2004,2009,レ,2016,2020,2024,2034,2041,2045,レ,2048,,2053,,2057,,2109,2101,2115,2124,,,,2137,レ,2145,2149,2156,,レ,,2218,2223,,2234,2245,2256,レ,レ,2307,レ,2312,2316,,レ,2336,2344,2352,2356,0006,,,0014,0022,0031,0042,0048,0055,
国府津_国府津,着,,,,,0544,,0558,0613,0632,,,0654,0703,,,0722,0730,0740,0749,,,,0759,,0809,0818,0827,0836,0839,,0848,0859,,レ,0906,0906,,0913,0917,,,0928,0932,0935,0944,,,0952,1003,1009,レ,,,,1017,1021,1031,,レ,1045,1055,1102,1109,レ,,1115,1119,,1139,レ,レ,レ,,1148,1201,,レ,,1209,1218,,レ,1239,レ,レ,,,1248,1303,,レ,,,1309,1319,,1341,レ,,1348,1402,,レ,,1409,1418,,1440,1440,レ,,,1448,,1500,,1509,1518,,,1536,1545,1550,,1558,,1609,,1622,,,1636,,,1652,,,1659,1715,1709,,,1728,,1741,,1751,,1757,1808,1813,,1828,,1840,,1845,,1855,1908,1913,1904,1918,1922,1927,,,1930,1934,,1946,1944,1935,1951,1955,,,,2008,2014,2003,2020,2024,2029,2038,2045,2048,2033,2052,,2057,,2101,,2113,2104,2119,2127,,,,2141,2133,2149,2154,2200,,2202,,2222,2227,,2239,2249,2300,レ,レ,2312,2303,2316,2320,,レ,2340,2348,2358,0001,0010,,,0019,0026,0036,0047,0052,0100,
国府津_国府津,発,,,,,0545,,0559,0614,0635,,,0657,0705,,,0723,0731,0741,0750,,,,0803,,0810,0819,0829,,0840,,0849,0900,,レ,,,,0914,0918,,,0929,,0936,,,,0953,1004,1010,レ,,,,1018,,1035,,レ,1046,,1103,1110,レ,,1116,1120,,1140,レ,レ,レ,,1150,1202,,レ,,1210,1219,,レ,1240,レ,レ,,,1250,1304,,レ,,,1310,1320,,1342,レ,,1350,1403,,レ,,1410,1419,,1441,1441,レ,,,1450,,1501,,1510,1519,,,1537,,1551,,1602,,1610,,1623,,,1637,,,1653,,,1703,1717,1710,,,1729,,1743,,1752,,1758,1809,1814,,1829,,1841,,1849,,1856,1909,,1905,1919,,1928,,,1931,1938,,1947,1949,1936,1952,1956,,,,2012,2017,2004,,2025,,2039,2046,2049,2034,2053,,2058,,2108,,2114,2105,2120,2128,,,,2147,2134,2150,,2206,,2203,,2223,2228,,2244,2251,,レ,レ,2313,2304,,2320,,レ,2341,2349,,0002,0011,,,,0027,,,0053,,
鴨宮_鴨宮,発,,,,,0548,,0603,0618,0639,,,0701,0709,,,0726,0735,0745,0753,,,,0807,,0813,0822,0833,,0844,,0853,0904,,レ,,,,0917,0922,,,0933,,0939,,,,0956,1008,1013,レ,,,,1021,,1038,,レ,1050,,1107,1114,レ,,1119,1123,,1143,レ,レ,レ,,1153,1206,,レ,,レ,1223,,レ,1244,レ,レ,,,1253,1308,,レ,,,レ,1323,,1345,レ,,1354,1406,,レ,,レ,1423,,1444,1444,レ,,,1453,,1504,,レ,1523,,,1540,,1554,,1606,,レ,,1626,,,1640,,,1656,,,1707,1720,レ,,,1733,,1746,,1755,,1801,1812,レ,,1833,,1845,,1853,,1859,1913,,レ,1922,,1931,,,1934,1942,,レ,1953,レ,1956,2001,,,,2016,2020,レ,,2029,,2043,レ,2053,レ,2056,,2101,,2112,,2117,レ,2124,2131,,,,2151,レ,2154,,2210,,レ,,2227,2232,,2248,2255,,レ,レ,2317,レ,,2324,,レ,2345,2353,,0005,0015,,,,0031,,,0056,,
小田原_小田原,着,,,,,0551,,0606,0621,0642,,,0705,0714,,,0731,0739,0749,0756,,,,0811,,0817,0827,0837,,0848,,0856,0907,,0858,,,,0922,0926,,,0937,,0942,,,,0959,1011,1017,1001,,,,1024,,1042,,レ,1054,,1111,1116,1101,,1123,1126,,1147,1131,1131,レ,,1157,1209,,レ,,1216,1226,,レ,1248,1230,1230,,,1257,1311,,1300,,,1316,1327,,1348,レ,,1358,1410,,1400,,1416,1426,,1447,1447,1431,,,1458,,1508,,1516,1525,,,1543,,1559,,1610,,1616,,1629,,,1643,,,1659,,,1711,1724,1716,,,1737,,1750,,1759,,1806,1817,1819,,1836,,1848,,1857,,1903,1915,,1911,1926,,1935,,,1939,1947,,1952,1958,1942,2001,2005,,,,2021,2025,2010,,2032,,2046,2051,2057,2040,2100,,2105,,2116,,2122,2111,2128,2135,,,,2154,2139,2157,,2214,,2209,,2231,2236,,2252,2258,,レ,レ,2321,2310,,2327,,レ,2349,2358,,0009,0018,,,,0036,,,0100,,
小田原_小田原,発,,,,,0552,,0622,,0644,,,0716,,,,0735,,,0756,,,,0820,,,0830,,,0850,,,0908,,0858,,,,0927,,,,,,0943,,,,1005,,,1001,,,,1025,,1043,,レ,1056,,,1117,1101,,,1127,,1148,1131,1131,レ,,1203,,,レ,,,1226,,レ,1249,1231,1231,,,1304,,,1301,,,,1328,,1348,レ,,1402,,,1401,,,1427,,1448,1448,1431,,,1500,,,,,1526,,,1543,,1601,,,,,,1629,,,1644,,,1659,,,1718,,,,,1740,,1753,,,,,1821,,,1836,,,,1858,,,1916,,,1931,,,,,1944,,,,,,2002,,,,,2022,,,,2033,,2046,,2101,,,,,,,,,,2129,,,,,2201,,,,2215,,,,2237,,,2253,,,レ,レ,2329,,,,,レ,2355,,,,0019,,,,,,,,,
早川_早川,発,,,,,0555,,0625,,0647,,,0719,,,,0738,,,0759,,,,0823,,,0833,,,0853,,,0911,,レ,,,,0930,,,,,,0945,,,,1008,,,レ,,,,1027,,1045,,レ,1059,,,1120,レ,,,1130,,1151,レ,レ,レ,,1206,,,レ,,,1229,,レ,1251,レ,レ,,,1307,,,レ,,,,1331,,1351,レ,,1406,,,レ,,,1429,,1450,1450,レ,,,1502,,,,,1529,,,1546,,1604,,,,,,1632,,,1647,,,1702,,,1720,,,,,1742,,1756,,,,,1823,,,1839,,,,1901,,,1919,,,1933,,,,,1946,,,,,,2004,,,,,2025,,,,2036,,2049,,2105,,,,,,,,,,2132,,,,,2204,,,,2218,,,,2241,,,2255,,,レ,レ,2331,,,,,レ,2358,,,,0022,,,,,,,,,
根府川_根府川,発,,,,,0600,,0630,,0652,,,0724,,,,0743,,,0804,,,,0828,,,0843,,,0858,,,0916,,レ,,,,0935,,,,,,0950,,,,1013,,,レ,,,,1032,,1050,,レ,1109,,,1124,レ,,,1140,,1156,レ,レ,レ,,1211,,,レ,,,1238,,レ,1256,レ,レ,,,1312,,,レ,,,,1340,,1356,レ,,1410,,,レ,,,1440,,1455,1455,レ,,,1507,,,,,1533,,,1551,,1613,,,,,,1637,,,1651,,,1707,,,1725,,,,,1747,,1801,,,,,1828,,,1844,,,,1906,,,1923,,,1938,,,,,1951,,,,,,2009,,,,,2030,,,,2041,,2054,,2110,,,,,,,,,,2137,,,,,2209,,,,2222,,,,2245,,,2300,,,レ,レ,2336,,,,,レ,0003,,,,0027,,,,,,,,,
真鶴_真鶴,発,,,,,0605,,0635,,0657,,,0730,,,,0748,,,0809,,,,0833,,,0848,,,0903,,,0921,,レ,,,,0940,,,,,,0955,,,,1018,,,レ,,,,1037,,1055,,レ,1115,,,1130,レ,,,1146,,1201,レ,レ,レ,,1216,,,レ,,,1244,,レ,1301,レ,レ,,,1318,,,レ,,,,1347,,1401,レ,,1416,,,レ,,,1446,,1500,1500,レ,,,1512,,,,,1539,,,1556,,1619,,,,,,1642,,,1657,,,1712,,,1730,,,,,1752,,1806,,,,,1833,,,1849,,,,1911,,,1929,,,1943,,,,,1957,,,,,,2014,,,,,2035,,,,2046,,2059,,2115,,,,,,,,,,2142,,,,,2214,,,,2228,,,,2251,,,2305,,,レ,レ,2341,,,,,レ,0008,,,,0032,,,,,,,,,
湯河原_湯河原,発,,,,,0609,,0639,,0701,,,0734,,,,0752,,,0813,,,,0837,,,0852,,,0907,,,0925,,0911,,,,0944,,,,,,0959,,,,1022,,,1014,,,,1041,,1059,,レ,1119,,,1133,1114,,,1151,,1205,1145,1145,レ,,1220,,,レ,,,1248,,レ,1305,1243,1243,,,1322,,,1313,,,,1351,,1405,レ,,1419,,,1414,,,1450,,1504,1504,1445,,,1516,,,,,1542,,,1600,,1623,,,,,,1646,,,1700,,,1716,,,1734,,,,,1756,,1810,,,,,1837,,,1853,,,,1915,,,1932,,,1947,,,,,2001,,,,,,2018,,,,,2039,,,,2050,,2103,,2119,,,,,,,,,,2146,,,,,2218,,,,2232,,,,2254,,,2309,,,レ,レ,2345,,,,,レ,0012,,,,0036,,,,,,,,,
熱海_熱海,着,,,,,0616,,0645,,0707,,,0740,,,,0759,,,0819,,,,0843,,,0859,,,0914,,,0931,,0918,,,,0950,,,,,,1006,,,,1029,,,1020,┐,,,1048,,1106,,1055,1125,,,1140,1120,,,1157,,1211,1151,1151,1151,,1226,,,1217,,,1254,,レ,1312,1249,1249,,,1328,,,1320,┐,,,1357,,1411,1351,,1426,,,1420,,,1457,,1511,1511,1451,,,1523,,,,,1549,,,1607,,1630,,,,,,1652,,,1707,,,1721,,,1741,,,,,1803,,1816,,,,,1844,,,1859,,,,1921,,,1939,,,1954,,,,,2007,,,,,,2025,,,,,2045,,,,2057,,2109,,2126,,,,,,,,,,2153,,,,,2225,,,,2239,,,,2301,,,2316,,,2321,2321,2352,,,,,レ,0017,,,,0042,,,,,,,,,
熱海_熱海,発,0503,,0550,,,0629,,,0709,0722,,0744,,0756,,,,,,0826,,,,,,,,,,0903,,,,0919,,,0940,,,,,,,,,,1010,,,,1023,1025,1045,,,,,,1056,,,,,1121,1132,,,,,1154,1154,1154,,,,,1219,1224,,,,レ,,1251,1251,1310,,,,,1323,1325,1341,,,,,1352,,,,,1422,1429,,,,,,1455,1505,,,1527,,,,,1557,,,,,1633,,,,,1653,,1705,,,,・,1730,,,,,,,1804,,・,,,1830,,,,,,1902,,,1930,,,・,,,,,,2003,,,,,,,,,,2033,,,2100,,,,,,・,,,,,2130,,,,,,,・,,,2212,,,,,,,,,2248,2305,,,・,,,2323,2323,,,,,,レ,・,,,,,,,,,,,,,
来宮_来宮,発,0506,,0552,,,0632,,,・,0725,,・,,0759,,,,,,0829,,,,,,,,,,0905,,,,レ,,,0943,,,,,,,,,,1012,,,,レ,・,1048,,,,,,レ,,,,,レ,1135,,,,,レ,レ,レ,,,,,レ,1226,,,,レ,,レ,レ,1313,,,,,レ,・,1343,,,,,レ,,,,,レ,1432,,,,,,レ,1507,,,1530,,,,,1600,,,,,1635,,,,,1656,,1708,,,,・,1733,,,,,,,1807,,・,,,1834,,,,,,1904,,,1934,,,・,,,,,,2005,,,,,,,,,,2035,,,2102,,,,,,・,,,,,2132,,,,,,,・,,,2214,,,,,,,,,2251,2308,,,・,,,・,・,,,,,,・,・,,,,,,,,,,,,,
伊豆多賀_伊豆多賀,発,0514,,0559,,,0638,,,・,0731,,・,,0805,,,,,,0835,,,,,,,,,,0911,,,,レ,,,0948,,,,,,,,,,1020,,,,レ,・,1053,,,,,,レ,,,,,レ,1141,,,,,レ,レ,レ,,,,,レ,1232,,,,レ,,レ,レ,1319,,,,,レ,・,1349,,,,,レ,,,,,レ,1437,,,,,,レ,1513,,,1536,,,,,1608,,,,,1641,,,,,1702,,1719,,,,・,1738,,,,,,,1814,,・,,,1839,,,,,,1910,,,1939,,,・,,,,,,2011,,,,,,,,,,2041,,,2108,,,,,,・,,,,,2138,,,,,,,・,,,2220,,,,,,,,,2257,2314,,,・,,,・,・,,,,,,・,・,,,,,,,,,,,,,
網代_網代,発,0518,,0604,,,0643,,,・,0736,,・,,0809,,,,,,0839,,,,,,,,,,0915,,,,レ,,,0953,,,,,,,,,,1027,,,,1036,・,1057,,,,,,レ,,,,,レ,1145,,,,,レ,レ,レ,,,,,レ,1236,,,,レ,,レ,レ,1323,,,,,1335,・,1355,,,,,レ,,,,,レ,1441,,,,,,レ,1520,,,1540,,,,,1612,,,,,1647,,,,,1706,,1723,,,,・,1745,,,,,,,1822,,・,,,1844,,,,,,1914,,,1944,,,・,,,,,,2015,,,,,,,,,,2046,,,2113,,,,,,・,,,,,2142,,,,,,,・,,,2224,,,,,,,,,2301,2318,,,・,,,・,・,,,,,,・,・,,,,,,,,,,,,,
宇佐美_宇佐美,発,0524,,0609,,,0649,,,・,0744,,・,,0814,,,,,,0844,,,,,,,,,,0920,,,,レ,,,0958,,,,,,,,,,1032,,,,レ,・,1102,,,,,,レ,,,,,レ,1151,,,,,レ,レ,レ,,,,,レ,1242,,,,レ,,レ,レ,1328,,,,,レ,・,1400,,,,,レ,,,,,レ,1446,,,,,,レ,1526,,,1545,,,,,1617,,,,,1652,,,,,1711,,1728,,,,・,1751,,,,,,,1827,,・,,,1849,,,,,,1919,,,1949,,,・,,,,,,2020,,,,,,,,,,2051,,,2118,,,,,,・,,,,,2148,,,,,,,・,,,2229,,,,,,,,,2306,2323,,,・,,,・,・,,,,,,・,・,,,,,,,,,,,,,
伊東_伊東,着,0528,,0613,,,0654,,,・,0749,,・,,0819,,,,,,0849,,,,,,,,,,0925,,,,0944,,,1002,,,,,,,,,,1036,,,,1044,・,1107,,,,,,1118,,,,,1145,1156,,,,,1213,1213,1213,,,,,1236,1247,,,,1316,,1316,1316,1333,,,,,1345,・,1405,,,,,1416,,,,,1441,1451,,,,,,1520,1530,,,1549,,,,,1622,,,,,1657,,,,,1716,,1733,,,,・,1755,,,,,,,1831,,・,,,1855,,,,,,1924,,,1955,,,・,,,,,,2025,,,,,,,,,,2055,,,2122,,,,,,・,,,,,2152,,,,,,,・,,,2234,,,,,,,,,2311,2328,,,・,,,・,・,,,,,,・,・,,,,,,,,,,,,,
伊東_伊東,発,,0548,,0624,,0655,,,・,,0751,・,,,0820,,,,,0855,,0902,,,,,,,,0926,,,,0945,,,1003,,,,,,,,,,1037,,,,1050,・,1108,,,,,,1119,,,,,1146,1157,,,,,1222,1222,1222,,,,,1237,1252,,,,,,1318,1318,1335,,,,,1348,・,1410,,,,,1425,,,,,1443,1452,,,,,,1521,1541,,,,,,,,1623,,,,,1702,,,,,,,1734,,,,・,,1806,,,,,,,1836,・,,,,,,,,,1925,,,,,,・,,,,,,,2026,,,,,,,,,,,2102,,,,,,,・,,,,,,,2200,,,,,・,,,,2247,,,,,,,,,,,,・,,,・,・,,,,,,・,・,,,,,,,,,,,,,
南伊東_南伊東,発,,0551,,0627,,0658,,,・,,0754,・,,,0823,,,,,0858,,0905,,,,,,,,0930,,,,レ,,,1008,,,,,,,,,,1043,,,,レ,・,1111,,,,,,レ,,,,,レ,1200,,,,,レ,レ,レ,,,,,レ,1259,,,,,,レ,レ,1338,,,,,レ,・,1416,,,,,レ,,,,,レ,1455,,,,,,レ,1548,,,,,,,,1626,,,,,1705,,,,,,,1738,,,,・,,1809,,,,,,,1839,・,,,,,,,,,1928,,,,,,・,,,,,,,2030,,,,,,,,,,,2105,,,,,,,・,,,,,,,2204,,,,,・,,,,2250,,,,,,,,,,,,・,,,・,・,,,,,,・,・,,,,,,,,,,,,,
川奈_川奈,発,,0556,,0633,,0704,,,・,,0759,・,,,0828,,,,,0903,,0910,,,,,,,,0935,,,,レ,,,1013,,,,,,,,,,1051,,,,レ,・,1119,,,,,,レ,,,,,レ,1206,,,,,レ,レ,レ,,,,,レ,1304,,,,,,レ,レ,1344,,,,,レ,・,1421,,,,,レ,,,,,レ,1508,,,,,,レ,1555,,,,,,,,1631,,,,,1711,,,,,,,1745,,,,・,,1817,,,,,,,1845,・,,,,,,,,,1934,,,,,,・,,,,,,,2036,,,,,,,,,,,2111,,,,,,,・,,,,,,,2210,,,,,・,,,,2256,,,,,,,,,,,,・,,,・,・,,,,,,・,・,,,,,,,,,,,,,
富戸_富戸,発,,0603,,0640,,0711,,,・,,0806,・,,,0835,,,,,0912,,0918,,,,,,,,0941,,,,レ,,,1020,,,,,,,,,,1058,,,,レ,・,1126,,,,,,レ,,,,,レ,1212,,,,,レ,レ,レ,,,,,レ,1311,,,,,,レ,レ,1350,,,,,レ,・,1431,,,,,レ,,,,,レ,1517,,,,,,レ,1601,,,,,,,,1642,,,,,1724,,,,,,,1753,,,,・,,1825,,,,,,,1854,・,,,,,,,,,1942,,,,,,・,,,,,,,2045,,,,,,,,,,,2120,,,,,,,・,,,,,,,2219,,,,,・,,,,2305,,,,,,,,,,,,・,,,・,・,,,,,,・,・,,,,,,,,,,,,,
城ケ崎海岸_城ケ崎海岸,発,,0606,,0643,,0714,,,・,,0809,・,,,0838,,,,,0915,,0921,,,,,,,,0944,,,,レ,,,1023,,,,,,,,,,1101,,,,レ,・,1129,,,,,,レ,,,,,レ,1215,,,,,レ,レ,レ,,,,,レ,1314,,,,,,レ,レ,1354,,,,,レ,・,1434,,,,,レ,,,,,レ,1520,,,,,,レ,1604,,,,,,,,1645,,,,,1727,,,,,,,1757,,,,・,,1829,,,,,,,1858,・,,,,,,,,,1945,,,,,,・,,,,,,,2048,,,,,,,,,,,2123,,,,,,,・,,,,,,,2223,,,,,・,,,,2308,,,,,,,,,,,,・,,,・,・,,,,,,・,・,,,,,,,,,,,,,
伊豆高原_伊豆高原,発,,0609,,0648,,0721,,,・,,0813,・,,,0841,,,,,0918,,0924,,,,,,,,0951,,,,1002,,,1030,,,,,,,,,,1110,,,,1107,・,1139,,,,,,1136,,,,,1204,1231,,,,,1245,1245,1245,,,,,1256,1323,,,,,,1343,1343,1357,,,,,1409,・,1441,,,,,1453,,,,,1511,1531,,,,,,1543,1615,,,,,,,,1652,,,,,1730,,,,1732,,,1800,,,1804,・,,1832,,,,,1834,,1901,・,,,,,,,,,1952,,,,,,・,,,,,,,2052,,,,,,,,,,,2127,,,,,,,・,,,,,,,2229,,,,,・,,,,2311,,,,,,,,,,,,・,,,・,・,,,,,,・,・,,,,,,,,,,,,,
伊豆大川_伊豆大川,発,,0616,,0654,,0726,,,・,,0818,・,,,0846,,,,,0923,,＝,,,,,,,,0957,,,,レ,,,1036,,,,,,,,,,1115,,,,レ,・,1145,,,,,,レ,,,,,レ,1240,,,,,レ,レ,レ,,,,,レ,1328,,,,,,レ,レ,＝,,,,,レ,・,1448,,,,,レ,,,,,レ,1538,,,,,,レ,1621,,,,,,,,1659,,,,,＝,,,,1739,,,＝,,,1811,・,,＝,,,,,1841,,1909,・,,,,,,,,,2002,,,,,,・,,,,,,,2102,,,,,,,,,,,2134,,,,,,,・,,,,,,,2236,,,,,・,,,,＝,,,,,,,,,,,,・,,,・,・,,,,,,・,・,,,,,,,,,,,,,
伊豆北川_伊豆北川,発,,0619,,0657,,0729,,,・,,0821,・,,,0849,,,,,0926,,,,,,,,,,1000,,,,レ,,,1039,,,,,,,,,,1118,,,,レ,・,1148,,,,,,レ,,,,,レ,1243,,,,,レ,レ,レ,,,,,レ,1331,,,,,,レ,レ,,,,,,レ,・,1451,,,,,レ,,,,,レ,1541,,,,,,レ,1624,,,,,,,,1702,,,,,,,,,1742,,,,,,1814,・,,,,,,,1844,,1912,・,,,,,,,,,2006,,,,,,・,,,,,,,2105,,,,,,,,,,,2138,,,,,,,・,,,,,,,2239,,,,,・,,,,,,,,,,,,,,,,・,,,・,・,,,,,,・,・,,,,,,,,,,,,,
伊豆熱川_伊豆熱川,発,,0622,,0702,,0732,,,・,,0824,・,,,0852,,,,,0929,,,,,,,,,,1002,,,,1014,,,1042,,,,,,,,,,1121,,,,1116,・,1154,,,,,,1146,,,,,1213,1246,,,,,1258,1258,1258,,,,,1305,1335,,,,,,1354,1354,,,,,,1418,・,1454,,,,,1503,,,,,1520,1543,,,,,,1552,1627,,,,,,,,1705,,,,,,,,,1745,,,,,,1817,・,,,,,,,1847,,1915,・,,,,,,,,,2008,,,,,,・,,,,,,,2108,,,,,,,,,,,2140,,,,,,,・,,,,,,,2242,,,,,・,,,,,,,,,,,,,,,,・,,,・,・,,,,,,・,・,,,,,,,,,,,,,
片瀬白田_片瀬白田,発,,0625,,0705,,0735,,,・,,0827,・,,,0855,,,,,0932,,,,,,,,,,1007,,,,レ,,,1045,,,,,,,,,,1123,,,,レ,・,1158,,,,,,レ,,,,,レ,1249,,,,,レ,レ,レ,,,,,レ,1340,,,,,,レ,レ,,,,,,レ,・,1458,,,,,レ,,,,,レ,1546,,,,,,レ,1630,,,,,,,,1708,,,,,,,,,1748,,,,,,1820,・,,,,,,,1850,,1918,・,,,,,,,,,2011,,,,,,・,,,,,,,2111,,,,,,,,,,,2143,,,,,,,・,,,,,,,2245,,,,,・,,,,,,,,,,,,,,,,・,,,・,・,,,,,,・,・,,,,,,,,,,,,,
伊豆稲取_伊豆稲取,発,,0629,,0710,,0739,,,・,,0831,・,,,0900,,,,,0937,,,,,,,,,,1012,,,,1025,,,1050,,,,,,,,,,1128,,,,1124,・,1209,,,,,,1153,,,,,1222,1255,,,,,1305,1305,1305,,,,,1313,1346,,,,,,1400,1400,,,,,,1426,・,1503,,,,,1513,,,,,1527,1556,,,,,,1606,1634,,,,,,,,1713,,,,,,,,,1753,,,,,,1825,・,,,,,,,1855,,1923,・,,,,,,,,,2017,,,,,,・,,,,,,,2116,,,,,,,,,,,2149,,,,,,,・,,,,,,,2251,,,,,・,,,,,,,,,,,,,,,,・,,,・,・,,,,,,・,・,,,,,,,,,,,,,
今井浜海岸_今井浜海岸,発,,0634,,0714,,0744,,,・,,0836,・,,,0904,,,,,0941,,,,,,,,,,1016,,,,レ,,,1054,,,,,,,,,,1132,,,,レ,・,1213,,,,,,レ,,,,,レ,1259,,,,,レ,レ,レ,,,,,レ,1350,,,,,,レ,レ,,,,,,レ,・,1507,,,,,レ,,,,,レ,1600,,,,,,レ,1639,,,,,,,,1719,,,,,,,,,1758,,,,,,1830,・,,,,,,,1900,,1928,・,,,,,,,,,2022,,,,,,・,,,,,,,2122,,,,,,,,,,,2154,,,,,,,・,,,,,,,2257,,,,,・,,,,,,,,,,,,,,,,・,,,・,・,,,,,,・,・,,,,,,,,,,,,,
河津_河津,発,,0636,,0716,,0746,,,・,,0838,・,,,0906,,,,,0944,,,,,,,,,,1020,,,,1031,,,1056,,,,,,,,,,1134,,,,1129,・,1216,,,,,,1159,,,,,1228,1301,,,,,1314,1314,1314,,,,,1318,1353,,,,,,1406,1406,,,,,,1431,・,1509,,,,,1520,,,,,1533,1603,,,,,,1614,1641,,,,,,,,1721,,,,,,,,,1801,,,,,,1833,・,,,,,,,1903,,1938,・,,,,,,,,,2024,,,,,,・,,,,,,,2124,,,,,,,,,,,2156,,,,,,,・,,,,,,,2259,,,,,・,,,,,,,,,,,,,,,,・,,,・,・,,,,,,・,・,,,,,,,,,,,,,
稲梓_稲梓,発,,0642,,0722,,0751,,,・,,0843,・,,,0912,,,,,0949,,,,,,,,,,1025,,,,レ,,,1102,,,,,,,,,,1141,,,,レ,・,1222,,,,,,レ,,,,,レ,1308,,,,,レ,レ,レ,,,,,レ,1359,,,,,,レ,レ,,,,,,レ,・,1515,,,,,レ,,,,,レ,1608,,,,,,レ,1646,,,,,,,,1728,,,,,,,,,1808,,,,,,1840,・,,,,,,,1910,,1945,・,,,,,,,,,2033,,,,,,・,,,,,,,2132,,,,,,,,,,,2204,,,,,,,・,,,,,,,2306,,,,,・,,,,,,,,,,,,,,,,・,,,・,・,,,,,,・,・,,,,,,,,,,,,,
蓮台寺_蓮台寺,発,,0646,,0726,,0755,,,・,,0847,・,,,0916,,,,,0953,,,,,,,,,,1031,,,,レ,,,1106,,,,,,,,,,1145,,,,レ,・,1226,,,,,,レ,,,,,レ,1315,,,,,レ,レ,レ,,,,,レ,1403,,,,,,レ,レ,,,,,,レ,・,1519,,,,,レ,,,,,レ,1612,,,,,,レ,1650,,,,,,,,1733,,,,,,,,,1812,,,,,,1844,・,,,,,,,1914,,1949,・,,,,,,,,,2037,,,,,,・,,,,,,,2137,,,,,,,,,,,2208,,,,,,,・,,,,,,,2311,,,,,・,,,,,,,,,,,,,,,,・,,,・,・,,,,,,・,・,,,,,,,,,,,,,
伊豆急下田_伊豆急下田,着,,0649,,0729,,0759,,,・,,0851,・,,,0919,,,,,0957,,,,,,,,,,1034,,,,1042,,,1109,,,,,,,,,,1148,,,,1140,・,1229,,,,,,1212,,,,,1239,1318,,,,,1324,1324,1324,,,,,1329,1406,,,,,,1417,1417,,,,,,1442,・,1522,,,,,1531,,,,,1543,1615,,,,,,1624,1654,,,,,,,,1736,,,,,,,,,1816,,,,,,1848,・,,,,,,,1918,,1953,・,,,,,,,,,2041,,,,,,・,,,,,,,2140,,,,,,,,,,,2212,,,,,,,・,,,,,,,2315,,,,,・,,,,,,,,,,,,,,,,・,,,・,・,,,,,,・,・,,,,,,,,,,,,,
終着,,___,___,___,___,___,___,___,___,沼津_0726_沼津_0726,___,___,沼津_0804_沼津_0804,___,___,___,___,___,___,___,___,___,___,___,___,___,___,___,___,___,___,___,___,___,___,___,___,___,___,___,___,___,___,___,___,___,___,___,___,___,___,___,修善寺_1108_修善寺_1108,___,___,___,___,___,___,___,___,___,___,___,___,___,___,___,___,___,___,___,___,___,___,___,___,___,___,___,___,___,___,___,___,___,___,___,___,___,___,___,修善寺_1406_修善寺_1406,___,___,___,___,___,___,___,___,___,___,___,___,___,___,___,___,___,___,___,___,___,___,___,___,___,___,___,___,___,___,___,___,___,___,___,___,___,___,___,___,___,___,沼津_1741_沼津_1741,___,___,___,___,___,___,___,___,___,沼津_1839_沼津_1839,___,___,___,___,___,___,___,___,___,___,___,___,___,___,沼津_1959_沼津_1959,___,___,___,___,___,___,___,___,___,___,___,___,___,___,___,___,___,___,___,___,___,___,___,___,沼津_2132_沼津_2132,___,___,___,___,___,___,___,___,___,___,___,沼津_2221_沼津_2221,___,___,___,___,___,___,___,___,___,___,___,___,___,___,___,沼津_2335_沼津_2335,___,___,出雲市_0958_出雲市_0958,高松_0727_高松_0727,___,___,___,___,___,出雲市_1307_出雲市_1307,沼津_0037_沼津_0037,___,___,___,___,___,___,___,___,___,___,___,___,___
次の区間,,,,,,,,,,,,,,,,,,,,,,,,,,,,,,,,,,,,,,,,,,,,,,,,,,,,,,,,,,,,,,,,,,,,,,,,,,,,,,,,,,,,,,,,,,,,,,,,,,,,,,,,,,,,,,,,,,,,,,,,,,,,,,,,,,,,,,,,,,,,,,,,,,,,,,,,,,,,,,,,,,,,,,,,,,,,,,,,,,,,,,,,,,,,,,,,,,,,,,,,,,,,,,,,,,,,,,,,,,,,,,,,,,,,,,,,,,,,,,
