列車番号,,1820E,1822E,1520E,3620E,1129M,1824E,1524E,1826E,1526E,1135M,1528E,1828E,3622E,1830E,1532E,1534E,1832E,1834E,1536E,1538E,1540E,3920E,1542E,1544E,1836E,1546E,1548E,1550E,1552E,1838E,1554E,1556E,1840E,1558E,1560E,1147M,3922E,1562E,1564E,1842E,1149M,1566E,1844E,1568E,1151M,1846E,1572E,1153M,1574E,1848E,1155M,1576E,1850E,1157M,1578E,1852E,1159M,1580E,1854E,1161M,1582E,1856E,1163M,1584E,1858E,1165M,1586E,1860E,1167M,1588E,1862E,1169M,1590E,1864E,1171M,1592E,1866E,1173M,1594E,1868E,1175M,1596E,1870E,1177M,1598E,1872E,1179M,1620E,1874E,3181M,1622E,1876E,1185M,1624E,1878E,1187M,1626E,1880E,3189M,1628E,1882E,1193M,1630E,1884E,1195M,1632E,1886E,1197M,1888E,1791H,1634E,1199M,1636E,1890E,1638E,1751H,1640E,1223M,1892E,1642E,1894E,1887H,1644E,1896E,1227M,1646E,1893H,1898E,1648E,1231M,1920E,1650E,1961H,1922E,1652E,1235M,1924E,1995H,1654E,1926E,1239M,1656E,1928E,2083H,1658E,1660E,1243M,1930E,2089H,1662E,1932E,1247M,1664E,2185H,1934E,1666E,1251M,1936E,1668E,2151H,1938E,2161H,1940E,1255M,1670E,1942E,2281H,1672E,1257M,1944E,1259M,1674E,1946E,1676E
列車名_列車名,,普通_普通,普通_普通,普通_普通,快速 ラビット_快速 ラビット,普通_普通,普通_普通,普通_普通,普通_普通,普通_普通,普通_普通,普通_普通,普通_普通,快速 ラビット_快速 ラビット,普通_普通,普通_普通,普通_普通,普通_普通,普通_普通,普通_普通,普通_普通,普通_普通,快速 アーバン_快速 アーバン,普通_普通,普通_普通,普通_普通,普通_普通,普通_普通,普通_普通,普通_普通,普通_普通,普通_普通,普通_普通,普通_普通,普通_普通,普通_普通,普通_普通,快速 アーバン_快速 アーバン,普通_普通,普通_普通,普通_普通,普通_普通,普通_普通,普通_普通,普通_普通,普通_普通,普通_普通,普通_普通,普通_普通,普通_普通,普通_普通,普通_普通,普通_普通,普通_普通,普通_普通,普通_普通,普通_普通,普通_普通,普通_普通,普通_普通,普通_普通,普通_普通,普通_普通,普通_普通,普通_普通,普通_普通,普通_普通,普通_普通,普通_普通,普通_普通,普通_普通,普通_普通,普通_普通,普通_普通,普通_普通,普通_普通,普通_普通,普通_普通,普通_普通,普通_普通,普通_普通,普通_普通,普通_普通,普通_普通,普通_普通,普通_普通,普通_普通,普通_普通,普通_普通,普通_普通,特別快速_特別快速,普通_普通,普通_普通,普通_普通,普通_普通,普通_普通,普通_普通,普通_普通,普通_普通,特別快速_特別快速,普通_普通,普通_普通,普通_普通,普通_普通,普通_普通,普通_普通,普通_普通,普通_普通,普通_普通,普通_普通,快速_快速,普通_普通,普通_普通,普通_普通,普通_普通,普通_普通,快速_快速,普通_普通,普通_普通,普通_普通,普通_普通,普通_普通,快速_快速,普通_普通,普通_普通,普通_普通,普通_普通,快速_快速,普通_普通,普通_普通,普通_普通,普通_普通,普通_普通,快速_快速,普通_普通,普通_普通,普通_普通,普通_普通,快速_快速,普通_普通,普通_普通,普通_普通,普通_普通,普通_普通,快速_快速,普通_普通,普通_普通,普通_普通,普通_普通,快速_快速,普通_普通,普通_普通,普通_普通,普通_普通,快速_快速,普通_普通,普通_普通,普通_普通,普通_普通,普通_普通,快速_快速,普通_普通,快速_快速,普通_普通,普通_普通,普通_普通,普通_普通,快速_快速,普通_普通,普通_普通,普通_普通,普通_普通,普通_普通,普通_普通,普通_普通
設備,,グリーン車自由席___,グリーン車自由席___,グリーン車自由席___,グリーン車自由席___,グリーン車自由席___,グリーン車自由席___,グリーン車自由席___,グリーン車自由席___,グリーン車自由席___,グリーン車自由席___,グリーン車自由席___,グリーン車自由席___,グリーン車自由席___,グリーン車自由席___,グリーン車自由席___,グリーン車自由席___,グリーン車自由席___,グリーン車自由席___,グリーン車自由席___,グリーン車自由席___,グリーン車自由席___,グリーン車自由席___,グリーン車自由席___,グリーン車自由席___,グリーン車自由席___,グリーン車自由席___,グリーン車自由席___,グリーン車自由席___,グリーン車自由席___,グリーン車自由席___,グリーン車自由席___,グリーン車自由席___,グリーン車自由席___,グリーン車自由席___,グリーン車自由席___,グリーン車自由席___,グリーン車自由席___,グリーン車自由席___,グリーン車自由席___,グリーン車自由席___,グリーン車自由席___,グリーン車自由席___,グリーン車自由席___,グリーン車自由席___,グリーン車自由席___,グリーン車自由席___,グリーン車自由席___,グリーン車自由席___,グリーン車自由席___,グリーン車自由席___,グリーン車自由席___,グリーン車自由席___,グリーン車自由席___,グリーン車自由席___,グリーン車自由席___,グリーン車自由席___,グリーン車自由席___,グリーン車自由席___,グリーン車自由席___,グリーン車自由席___,グリーン車自由席___,グリーン車自由席___,グリーン車自由席___,グリーン車自由席___,グリーン車自由席___,グリーン車自由席___,グリーン車自由席___,グリーン車自由席___,グリーン車自由席___,グリーン車自由席___,グリーン車自由席___,グリーン車自由席___,グリーン車自由席___,グリーン車自由席___,グリーン車自由席___,グリーン車自由席___,グリーン車自由席___,グリーン車自由席___,グリーン車自由席___,グリーン車自由席___,グリーン車自由席___,グリーン車自由席___,グリーン車自由席___,グリーン車自由席___,グリーン車自由席___,グリーン車自由席___,グリーン車自由席___,グリーン車自由席___,グリーン車自由席___,グリーン車自由席___,グリーン車自由席___,グリーン車自由席___,グリーン車自由席___,グリーン車自由席___,グリーン車自由席___,グリーン車自由席___,グリーン車自由席___,グリーン車自由席___,グリーン車自由席___,グリーン車自由席___,グリーン車自由席___,グリーン車自由席___,グリーン車自由席___,グリーン車自由席___,グリーン車自由席___,グリーン車自由席___,グリーン車自由席___,グリーン車自由席___,グリーン車自由席___,_,グリーン車自由席___,グリーン車自由席___,グリーン車自由席___,グリーン車自由席___,グリーン車自由席___,_,グリーン車自由席___,グリーン車自由席___,グリーン車自由席___,グリーン車自由席___,グリーン車自由席___,_,グリーン車自由席___,グリーン車自由席___,グリーン車自由席___,グリーン車自由席___,_,グリーン車自由席___,グリーン車自由席___,グリーン車自由席___,グリーン車自由席___,グリーン車自由席___,_,グリーン車自由席___,グリーン車自由席___,グリーン車自由席___,グリーン車自由席___,_,グリーン車自由席___,グリーン車自由席___,グリーン車自由席___,グリーン車自由席___,グリーン車自由席___,_,グリーン車自由席___,グリーン車自由席___,グリーン車自由席___,グリーン車自由席___,_,グリーン車自由席___,グリーン車自由席___,グリーン車自由席___,グリーン車自由席___,_,グリーン車自由席___,グリーン車自由席___,グリーン車自由席___,グリーン車自由席___,グリーン車自由席___,_,グリーン車自由席___,_,グリーン車自由席___,グリーン車自由席___,グリーン車自由席___,グリーン車自由席___,_,グリーン車自由席___,グリーン車自由席___,グリーン車自由席___,グリーン車自由席___,グリーン車自由席___,グリーン車自由席___,グリーン車自由席___
運転日,,全日,全日,平日,平日,全日,平日,平日,平日,平日,平日,平日,平日,平日,平日,平日,平日,平日,平日,平日,平日,平日,平日,平日,平日,平日,平日,平日,平日,平日,平日,平日,平日,平日,平日,平日,平日,平日,平日,平日,平日,平日,平日,平日,平日,平日,平日,平日,平日,平日,平日,平日,平日,平日,全日,平日,平日,全日,平日,平日,全日,平日,平日,平日,平日,平日,全日,平日,平日,全日,平日,平日,全日,平日,平日,全日,平日,平日,平日,平日,平日,全日,平日,平日,全日,平日,平日,平日,平日,平日,全日,平日,平日,全日,平日,平日,全日,平日,平日,全日,平日,平日,全日,平日,平日,全日,平日,平日,平日,平日,平日,平日,全日,平日,平日,平日,平日,平日,平日,平日,平日,平日,平日,平日,平日,平日,平日,平日,平日,平日,平日,平日,平日,平日,平日,平日,平日,平日,平日,平日,平日,平日,平日,平日,平日,平日,平日,平日,平日,平日,平日,平日,全日,平日,平日,平日,平日,平日,平日,平日,全日,平日,平日,平日,全日,平日,平日,全日,全日,全日,平日,全日,全日,平日,全日
前の区間,,↑,↑,,↑,,,↑,↑,↑,,↑,↑,↑,↑,↑,↑,↑,↑,↑,↑,↑,↑,↑,↑,↑,↑,↑,↑,↑,↑,↑,↑,↑,↑,↑,,↑,↑,↑,↑,,↑,↑,↑,,↑,↑,,↑,↑,,↑,↑,,↑,↑,,↑,↑,,↑,↑,,↑,↑,,↑,↑,,↑,↑,,↑,↑,,↑,↑,,↑,↑,,↑,↑,,↑,↑,,↑,↑,,↑,↑,,↑,↑,,↑,↑,,↑,↑,,↑,↑,,↑,↑,,↑,,↑,,↑,↑,↑,,↑,,↑,↑,↑,,↑,↑,,↑,,↑,↑,,↑,↑,,↑,↑,,↑,,↑,↑,,↑,↑,,,↑,,↑,,↑,↑,,↑,,↑,↑,,↑,↑,,↑,,↑,,↑,↑,,↑,,↑,,↑,,
始発,,小田原_0430_小田原_0430,熱海_0435_熱海_0435,___,小田原_0521_小田原_0521,___,___,熱海_0518_熱海_0518,国府津_0556_国府津_0556,小田原_0558_小田原_0558,___,熱海_0539_熱海_0539,平塚_0632_平塚_0632,国府津_0621_国府津_0621,国府津_0628_国府津_0628,小田原_0623_小田原_0623,熱海_0604_熱海_0604,小田原_0632_小田原_0632,小田原_0636_小田原_0636,国府津_0646_国府津_0646,沼津_0552_沼津_0552,平塚_0706_平塚_0706,小田原_0650_小田原_0650,沼津_0606_沼津_0606,平塚_0723_平塚_0723,国府津_0707_国府津_0707,国府津_0717_国府津_0717,辻堂_0747_辻堂_0747,熱海_0649_熱海_0649,国府津_0724_国府津_0724,二宮_0733_二宮_0733,沼津_0632_沼津_0632,国府津_0740_国府津_0740,小田原_0732_小田原_0732,平塚_0801_平塚_0801,伊東_0644_伊東_0644,___,小田原_0750_小田原_0750,沼津_0700_沼津_0700,小田原_0805_小田原_0805,小田原_0813_小田原_0813,___,沼津_0735_沼津_0735,小田原_0829_小田原_0829,熱海_0810_熱海_0810,___,熱海_0823_熱海_0823,平塚_0917_平塚_0917,___,小田原_0900_小田原_0900,平塚_0936_平塚_0936,___,小田原_0916_小田原_0916,熱海_0909_熱海_0909,___,熱海_0926_熱海_0926,平塚_1014_平塚_1014,___,熱海_0939_熱海_0939,平塚_1038_平塚_1038,___,熱海_1001_熱海_1001,小田原_1035_小田原_1035,___,熱海_1018_熱海_1018,小田原_1054_小田原_1054,___,熱海_1037_熱海_1037,平塚_1139_平塚_1139,___,熱海_1104_熱海_1104,小田原_1137_小田原_1137,___,平塚_1209_平塚_1209,熱海_1134_熱海_1134,___,平塚_1228_平塚_1228,熱海_1152_熱海_1152,___,熱海_1206_熱海_1206,小田原_1237_小田原_1237,___,平塚_1309_平塚_1309,熱海_1231_熱海_1231,___,平塚_1325_平塚_1325,熱海_1249_熱海_1249,___,熱海_1310_熱海_1310,小田原_1335_小田原_1335,___,平塚_1408_平塚_1408,熱海_1335_熱海_1335,___,平塚_1425_平塚_1425,熱海_1348_熱海_1348,___,熱海_1409_熱海_1409,小田原_1435_小田原_1435,___,平塚_1509_平塚_1509,熱海_1433_熱海_1433,___,平塚_1529_平塚_1529,熱海_1450_熱海_1450,___,熱海_1500_熱海_1500,小田原_1538_小田原_1538,___,平塚_1609_平塚_1609,___,熱海_1526_熱海_1526,___,平塚_1625_平塚_1625,熱海_1549_熱海_1549,国府津_1630_国府津_1630,___,熱海_1606_熱海_1606,___,小田原_1636_小田原_1636,熱海_1621_熱海_1621,平塚_1714_平塚_1714,___,国府津_1709_国府津_1709,熱海_1646_熱海_1646,___,国府津_1727_国府津_1727,___,熱海_1707_熱海_1707,小田原_1734_小田原_1734,___,熱海_1730_熱海_1730,小田原_1755_小田原_1755,___,平塚_1825_平塚_1825,小田原_1809_小田原_1809,___,熱海_1751_熱海_1751,___,国府津_1828_国府津_1828,国府津_1838_国府津_1838,___,伊東_1745_伊東_1745,小田原_1856_小田原_1856,___,___,沼津_1808_沼津_1808,___,小田原_1916_小田原_1916,___,熱海_1855_熱海_1855,伊東_1844_伊東_1844,___,沼津_1903_沼津_1903,___,平塚_2017_平塚_2017,熱海_1942_熱海_1942,___,小田原_2016_小田原_2016,熱海_2003_熱海_2003,___,熱海_2018_熱海_2018,___,国府津_2057_国府津_2057,___,伊東_2005_伊東_2005,小田原_2112_小田原_2112,___,沼津_2038_沼津_2038,___,小田原_2130_小田原_2130,___,熱海_2126_熱海_2126,___,___
横浜_横浜,発,0525,0553,,0615,,,0639,0651,0659,,0706,0713,0718,0722,0726,0730,0734,0739,0742,0746,0750,0754,0758,0802,0806,0810,0813,0817,0820,0824,0827,0830,0834,0839,0845,,0851,0857,0903,0911,,0917,0923,0929,,0940,0951,,1002,1012,,1022,1032,,1042,1052,,1102,1112,,1122,1132,,1142,1152,,1202,1212,,1221,1232,,1242,1252,,1302,1312,,1322,1332,,1342,1352,,1402,1412,,1422,1432,,1442,1452,,1502,1512,,1522,1532,,1542,1552,,1602,1612,,1622,1632,,1642,,1652,,1702,1709,1716,,1721,,1733,1740,1748,,1754,1805,,1813,,1820,1831,,1842,1848,,1900,1905,,1912,,1920,1932,,1939,1950,,,2003,,2011,,2021,2032,,2042,,2051,2102,,2112,2119,,2132,,2142,,2152,2203,,2214,,2221,,2241,,
川崎_川崎,発,0534,0601,,0623,,,0647,0700,0708,,0715,0723,0727,0731,0735,0739,0743,0748,0751,0755,0759,0803,0807,0811,0815,0819,0823,0826,0830,0834,0837,0839,0844,0849,0853,,0900,0906,0911,0920,,0926,0932,0939,,0949,1000,,1010,1020,,1030,1040,,1050,1100,,1110,1120,,1130,1140,,1150,1200,,1210,1220,,1229,1240,,1250,1300,,1310,1320,,1331,1340,,1350,1400,,1410,1420,,1430,1440,,1450,1500,,1510,1520,,1530,1540,,1550,1600,,1610,1621,,1630,1640,,1650,,1700,,1710,1717,1724,,1729,,1741,1748,1756,,1803,1813,,1821,,1828,1839,,1850,1856,,1909,1913,,1920,,1928,1940,,1947,1958,,,2012,,2019,,2029,2040,,2050,,2100,2110,,2120,2127,,2140,,2150,,2201,2211,,2223,,2230,,2249,,
品川_品川,発,0544,0611,,0633,0635,,0657,0709,0719,0722,0724,0733,0737,0741,0746,0751,0755,0800,0803,0807,0811,0815,0819,0822,0827,0830,0834,0837,0840,0846,0849,0852,0856,0901,0904,0909,0912,0917,0921,0929,0933,0935,0941,0950,0952,1000,1009,1017,1020,1030,1036,1040,1050,1055,1100,1110,1117,1120,1130,1135,1140,1150,1155,1200,1210,1217,1220,1230,1235,1239,1250,1255,1300,1310,1317,1320,1330,1335,1340,1350,1355,1400,1410,1417,1420,1430,1435,1440,1450,1455,1500,1510,1517,1520,1530,1535,1540,1550,1555,1600,1610,1617,1620,1631,1635,1640,1650,1655,1700,1702,1709,1717,1720,1727,1733,1735,1739,1748,1751,1757,1805,1807,1812,1822,1824,1830,1833,1837,1849,1853,1859,1906,1909,1918,1922,1924,1930,1933,1937,1949,1954,1957,2007,2010,,2021,2024,2029,2032,2040,2050,2054,2100,2102,2110,2121,2127,2130,2136,2139,2150,2155,2159,2206,2211,2221,2223,2232,2234,2239,2256,2300,,
新橋_新橋,発,0549,0616,,0637,0640,,0702,0714,0724,0727,0730,0738,0742,0746,0751,0756,0801,0805,0809,0813,0817,0820,0825,0828,0833,0836,0840,0843,0846,0852,0855,0858,0902,0907,0910,0915,0917,0923,0926,0935,0938,0941,0947,0955,0957,1005,1014,1023,1025,1035,1041,1045,1055,1100,1105,1115,1123,1125,1135,1140,1144,1155,1200,1205,1215,1223,1225,1235,1240,1244,1255,1300,1305,1315,1323,1325,1334,1341,1345,1355,1400,1405,1414,1423,1425,1435,1440,1444,1455,1500,1505,1514,1523,1525,1535,1540,1544,1555,1600,1605,1615,1623,1625,1636,1640,1644,1655,1700,1705,1708,1714,1723,1725,1732,1738,1741,1744,1753,1757,1802,1810,1813,1817,1827,1830,1835,1839,1842,1854,1858,1904,1911,1914,1923,1927,1930,1935,1938,1942,1954,1959,2002,2012,2016,,2026,2029,2034,2037,2045,2055,2059,2105,2107,2114,2126,2133,2135,2141,2144,2156,2200,2204,2211,2216,2226,2229,2236,2239,2244,2301,2304,,
東京_東京,発,0553,0620,0630,0641,0644,0648,0707,0718,0730,0732,0737,0743,0747,0750,0756,0801,0805,0809,0814,0817,0822,0825,0829,0833,0836,0840,0845,0848,0851,0855,0859,0902,0906,0911,0914,0918,0921,0928,0931,0939,0943,0946,0951,0959,1001,1009,1019,1026,1031,1039,1045,1049,1059,1105,1109,1119,1126,1129,1139,1145,1149,1159,1205,1209,1219,1226,1229,1239,1245,1249,1259,1305,1309,1319,1326,1329,1339,1345,1349,1359,1405,1409,1419,1426,1429,1439,1445,1449,1459,1505,1509,1519,1526,1529,1539,1545,1549,1559,1605,1609,1619,1626,1629,1639,1644,1649,1659,1704,1708,1712,1719,1727,1729,1737,1742,1745,1751,1759,1802,1807,1814,1818,1821,1831,1833,1841,1844,1846,1858,1902,1908,1914,1919,1927,1931,1933,1939,1942,1947,1958,2003,2006,2016,2019,2021,2029,2033,2038,2041,2049,2059,2103,2109,2111,2120,2130,2137,2139,2145,2148,2201,2204,2209,2215,2220,2230,2233,2240,2243,2248,2305,2308,2319,2332
上野_上野,発,0600,0626,0636,0648,0649,0655,0716,0724,0737,0741,0746,0749,0755,0800,0801,0810,0810,0815,0819,0823,0827,0831,0837,0838,0842,0846,0850,0854,0856,0902,0905,0908,0915,0918,0918,0925,0928,0933,0936,0945,0953,0952,0956,1006,1007,1015,1025,1033,1036,1045,1051,1055,1105,1112,1116,1125,1132,1135,1145,1152,1155,1205,1212,1215,1227,1232,1235,1245,1252,1255,1305,1312,1316,1327,1332,1335,1345,1352,1355,1405,1412,1417,1427,1432,1435,1445,1452,1455,1505,1511,1515,1525,1532,1535,1545,1551,1555,1605,1611,1615,1625,1632,1635,1645,1651,1655,1705,1710,1714,1720,1725,1733,1735,1744,1750,1754,1757,1808,1809,1813,1822,1825,1827,1838,1840,1848,1850,1852,1905,1909,1914,1921,1925,1933,1937,1941,1947,1949,1952,2003,2011,2011,2024,2025,2027,2036,2041,2044,2048,2054,2106,2110,2116,2117,2126,2136,2144,2145,2151,2154,2208,2211,2219,2222,2226,2236,2240,2246,2249,2254,2312,2314,2325,2338
日暮里_日暮里,発,||,||,||,||,0654,||,||,||,||,0744,||,||,||,||,＝,||,＝,||,＝,||,＝,||,||,＝,||,||,＝,||,＝,||,＝,||,||,||,＝,0928,||,＝,||,||,0957,||,||,||,1011,||,||,1037,||,||,1055,||,||,1116,||,||,1136,||,||,1155,||,||,1216,||,||,1236,||,||,1255,||,||,1316,||,||,1336,||,||,1355,||,||,1416,||,||,1436,||,||,1455,||,||,1514,||,||,1536,||,||,1555,||,||,1614,||,||,1636,||,||,1655,||,||,1714,||,1723,||,1737,||,||,||,1757,||,1812,||,||,||,1829,||,||,1843,||,1853,||,||,1913,||,||,1929,||,||,1945,||,1952,||,||,2015,||,||,2029,||,||,2045,||,2051,||,||,2113,||,2121,||,||,2148,||,||,2157,||,2215,||,2226,||,||,2243,||,2253,||,2315,||,||,||
尾久_尾久,発,0605,0632,0641,レ,・,0700,0722,0729,0743,・,0752,0755,レ,0806,,0816,,0822,,0830,,レ,0843,,0849,0853,,0901,,0907,,0914,0921,0925,,・,レ,,0942,0950,・,0959,1002,1012,・,1021,1030,・,1042,1051,・,1101,1111,・,1122,1131,・,1140,1150,・,1201,1210,・,1221,1233,・,1240,1250,・,1300,1311,・,1322,1333,・,1340,1350,・,1400,1410,・,1423,1433,・,1440,1450,・,1500,1511,・,1521,1531,・,1540,1550,・,1600,1610,・,1620,1631,・,1640,1651,・,1700,1711,・,1720,・,1731,・,1742,1750,1756,・,1803,・,1815,1818,1828,・,1832,1844,・,1853,・,1857,1911,・,1920,1927,・,1939,1943,・,1953,・,1958,2009,・,2017,2029,・,2033,2042,・,2049,・,2100,2112,・,2122,・,2132,2141,・,2151,2156,・,2214,・,2224,・,2231,2241,・,2251,・,2259,・,2319,2330,2344
赤羽_赤羽,発,0610,0636,0646,0657,・,0705,0727,0734,0748,・,0757,0800,0807,0812,,0821,,0827,,0835,,0842,0848,,0855,0858,,0906,,0912,,0919,0926,0930,,・,0938,,0946,0955,・,1004,1007,1016,・,1025,1035,・,1046,1056,・,1106,1116,・,1127,1136,・,1145,1155,・,1206,1215,・,1226,1238,・,1245,1255,・,1305,1315,・,1326,1338,・,1345,1355,・,1405,1415,・,1427,1438,・,1445,1455,・,1505,1515,・,1526,1536,・,1545,1555,・,1605,1615,・,1626,1637,・,1645,1655,・,1705,1716,・,1725,・,1736,・,1747,1755,1801,・,1808,・,1820,1823,1833,・,1837,1849,・,1858,・,1902,1917,・,1925,1932,・,1944,1948,・,1958,・,2003,2014,・,2021,2034,・,2037,2047,・,2054,・,2104,2116,・,2126,・,2137,2146,・,2156,2201,・,2218,・,2229,・,2236,2246,・,2256,・,2304,・,2324,2335,2349
浦和_浦和,発,0618,0645,0654,0705,・,0713,0736,0742,0757,・,0806,0809,0816,0821,,0829,,0836,,0844,,0850,0857,,0904,0907,,0914,,0920,,0928,0934,0939,,・,0947,,0955,1003,・,1012,1015,1025,・,1034,1043,・,1055,1104,・,1115,1125,・,1136,1145,・,1154,1203,・,1215,1224,・,1236,1246,・,1254,1303,・,1314,1324,・,1335,1346,・,1353,1403,・,1413,1424,・,1436,1446,・,1454,1504,・,1514,1524,・,1535,1545,・,1554,1603,・,1614,1624,・,1635,1646,・,1654,1704,・,1713,1724,・,1734,・,1744,・,1756,1803,1810,・,1817,・,1828,1832,1842,・,1846,1858,・,1907,・,1911,1925,・,1934,1941,・,1953,1956,・,2007,・,2012,2023,・,2030,2042,・,2046,2056,・,2102,・,2113,2125,・,2135,・,2145,2154,・,2204,2209,・,2227,・,2237,・,2245,2254,・,2304,・,2312,・,2332,2343,2358
さいたま新都心_さいたま新都心,発,0623,0649,0659,レ,・,0718,0740,0746,0801,・,0810,0813,レ,0825,,0833,,0841,,0848,,レ,0901,,0908,0911,,0919,,0925,,0932,0938,0943,,・,レ,,0959,1007,・,1016,1019,1029,・,1038,1048,・,1100,1109,・,1119,1130,・,1140,1150,・,1158,1208,・,1220,1228,・,1240,1251,・,1258,1308,・,1318,1328,・,1339,1351,・,1357,1408,・,1418,1428,・,1440,1451,・,1458,1508,・,1518,1528,・,1539,1549,・,1558,1608,・,1619,1629,・,1639,1650,・,1658,1708,・,1717,1728,・,1738,・,1749,・,1800,1808,1815,・,1821,・,1833,1836,1846,・,1850,1902,・,1912,・,1916,1930,・,1938,1946,・,1957,2001,・,2011,・,2016,2027,・,2034,2047,・,2050,2100,・,2107,・,2117,2129,・,2139,・,2149,2159,・,2208,2213,・,2231,・,2241,・,2250,2258,・,2309,・,2317,・,2337,2347,0002
大宮_大宮,着,0625,0651,0702,0711,・,0720,0742,0749,0804,・,0813,0816,0822,0828,,0836,,0844,,0851,,0858,0904,,0911,0914,,0921,,0927,,0934,0940,0946,,・,0952,,1001,1010,・,1019,1022,1032,・,1040,1050,・,1103,1111,・,1122,1133,・,1143,1153,・,1200,1210,・,1223,1232,・,1243,1254,・,1301,1310,・,1321,1331,・,1342,1354,・,1400,1410,・,1420,1431,・,1443,1454,・,1500,1510,・,1521,1531,・,1543,1552,・,1601,1610,・,1622,1632,・,1642,1653,・,1700,1710,・,1720,1731,・,1741,・,1751,・,1803,1810,1818,・,1824,・,1836,1839,1848,・,1853,1905,・,1914,・,1918,1933,・,1941,1948,・,2000,2003,・,2014,・,2019,2030,・,2037,2049,・,2052,2103,・,2109,・,2120,2132,・,2141,・,2152,2201,・,2211,2216,・,2234,・,2244,・,2253,2301,・,2311,・,2319,・,2339,2350,0005
終着,,高崎_0749_高崎_0749,高崎_0815_高崎_0815,小金井_0807_小金井_0807,宇都宮_0820_宇都宮_0820,勝田_0851_勝田_0851,籠原_0811_籠原_0811,宇都宮_0858_宇都宮_0858,高崎_0910_高崎_0910,小金井_0859_小金井_0859,土浦_0846_土浦_0846,宇都宮_0937_宇都宮_0937,高崎_0939_高崎_0939,宇都宮_0928_宇都宮_0928,籠原_0913_籠原_0913,___,宇都宮_0954_宇都宮_0954,___,籠原_0929_籠原_0929,___,小金井_0952_小金井_0952,___,高崎_1012_高崎_1012,宇都宮_1025_宇都宮_1025,___,高崎_1032_高崎_1032,宇都宮_1034_宇都宮_1034,___,小金井_1019_小金井_1019,___,籠原_1011_籠原_1011,___,古河_1018_古河_1018,籠原_1025_籠原_1025,宇都宮_1112_宇都宮_1112,___,土浦_1033_土浦_1033,高崎_1105_高崎_1105,___,小金井_1107_小金井_1107,高崎_1133_高崎_1133,土浦_1104_土浦_1104,小金井_1124_小金井_1124,高崎_1149_高崎_1149,宇都宮_1159_宇都宮_1159,土浦_1121_土浦_1121,高崎_1211_高崎_1211,小金井_1152_小金井_1152,土浦_1145_土浦_1145,宇都宮_1229_宇都宮_1229,高崎_1241_高崎_1241,土浦_1203_土浦_1203,小金井_1223_小金井_1223,籠原_1226_籠原_1226,土浦_1222_土浦_1222,宇都宮_1310_宇都宮_1310,高崎_1320_高崎_1320,土浦_1245_土浦_1245,古河_1237_古河_1237,高崎_1341_高崎_1341,土浦_1303_土浦_1303,小金井_1322_小金井_1322,籠原_1323_籠原_1323,土浦_1322_土浦_1322,宇都宮_1408_宇都宮_1408,高崎_1418_高崎_1418,土浦_1345_土浦_1345,古河_1337_古河_1337,高崎_1441_高崎_1441,土浦_1400_土浦_1400,小金井_1423_小金井_1423,籠原_1422_籠原_1422,土浦_1422_土浦_1422,宇都宮_1506_宇都宮_1506,高崎_1518_高崎_1518,土浦_1445_土浦_1445,古河_1436_古河_1436,高崎_1541_高崎_1541,水戸_1558_水戸_1558,宇都宮_1541_宇都宮_1541,籠原_1519_籠原_1519,水戸_1620_水戸_1620,宇都宮_1606_宇都宮_1606,高崎_1618_高崎_1618,勝田_1648_勝田_1648,古河_1537_古河_1537,高崎_1641_高崎_1641,水戸_1700_水戸_1700,小金井_1622_小金井_1622,籠原_1619_籠原_1619,土浦_1608_土浦_1608,宇都宮_1710_宇都宮_1710,高崎_1719_高崎_1719,土浦_1644_土浦_1644,古河_1638_古河_1638,高崎_1732_高崎_1732,勝田_1801_勝田_1801,小金井_1719_小金井_1719,高崎_1752_高崎_1752,土浦_1708_土浦_1708,宇都宮_1801_宇都宮_1801,籠原_1738_籠原_1738,土浦_1744_土浦_1744,宇都宮_1822_宇都宮_1822,高崎_1833_高崎_1833,高萩_1951_高萩_1951,宇都宮_1842_宇都宮_1842,高崎_1852_高崎_1852,勝田_1921_勝田_1921,籠原_1827_籠原_1827,取手_1804_取手_1804,宇都宮_1916_宇都宮_1916,勝田_1957_勝田_1957,古河_1842_古河_1842,高崎_1937_高崎_1937,宇都宮_1941_宇都宮_1941,成田_1929_成田_1929,小金井_1926_小金井_1926,水戸_2021_水戸_2021,高崎_2007_高崎_2007,古河_1923_古河_1923,籠原_1940_籠原_1940,成田_1951_成田_1951,小金井_1954_小金井_1954,高崎_2046_高崎_2046,勝田_2053_勝田_2053,宇都宮_2041_宇都宮_2041,成田_2017_成田_2017,籠原_2009_籠原_2009,小金井_2043_小金井_2043,勝田_2143_勝田_2143,高崎_2108_高崎_2108,宇都宮_2119_宇都宮_2119,取手_2011_取手_2011,高崎_2135_高崎_2135,古河_2043_古河_2043,勝田_2206_勝田_2206,籠原_2105_籠原_2105,成田_2121_成田_2121,小金井_2119_小金井_2119,籠原_2118_籠原_2118,土浦_2123_土浦_2123,宇都宮_2204_宇都宮_2204,高崎_2223_高崎_2223,取手_2109_取手_2109,小金井_2156_小金井_2156,宇都宮_2223_宇都宮_2223,土浦_2152_土浦_2152,高崎_2239_高崎_2239,成田_2207_成田_2207,宇都宮_2242_宇都宮_2242,籠原_2216_籠原_2216,土浦_2224_土浦_2224,小金井_2244_小金井_2244,取手_2157_取手_2157,籠原_2243_籠原_2243,小金井_2301_小金井_2301,土浦_2254_土浦_2254,高崎_2335_高崎_2335,宇都宮_2339_宇都宮_2339,成田_2323_成田_2323,籠原_2318_籠原_2318,取手_2253_取手_2253,前橋_0020_前橋_0020,勝田_0036_勝田_0036,小金井_2353_小金井_2353,籠原_2345_籠原_2345,成田_0002_成田_0002,宇都宮_0029_宇都宮_0029,勝田_0054_勝田_0054,籠原_0004_籠原_0004,土浦_0019_土浦_0019,宇都宮_0059_宇都宮_0059,高崎_0114_高崎_0114,小金井_0103_小金井_0103
次の区間,,↓,↓,↓,↓,↓,↓,↓,↓,↓,↓,↓,↓,↓,↓,,↓,,↓,,↓,,↓,↓,,↓,↓,,↓,,↓,,↓,↓,↓,,↓,↓,,↓,↓,↓,↓,↓,↓,↓,↓,↓,↓,↓,↓,↓,↓,↓,↓,↓,↓,↓,↓,↓,↓,↓,↓,↓,↓,↓,↓,↓,↓,↓,↓,↓,↓,↓,↓,↓,↓,↓,↓,↓,↓,↓,↓,↓,↓,↓,↓,↓,↓,↓,↓,↓,↓,↓,↓,↓,↓,↓,↓,↓,↓,↓,↓,↓,↓,↓,↓,↓,↓,↓,↓,↓,↓,↓,↓,↓,↓,↓,↓,↓,↓,↓,↓,↓,↓,↓,↓,↓,↓,↓,↓,↓,↓,↓,↓,↓,↓,↓,↓,↓,↓,↓,↓,↓,↓,↓,↓,↓,↓,↓,↓,↓,↓,↓,↓,↓,↓,↓,↓,↓,↓,↓,↓,↓,↓,↓,↓,↓,↓,↓,↓,↓,↓,↓,↓
